candidate_id,iteration,rank,objective,total,tomatoes_total,min_day_total,avg_inventory,inventory_penalty,EMERALDS.REFERENCE_WEIGHT,EMERALDS.MID_WEIGHT,EMERALDS.INVENTORY_SKEW,EMERALDS.SOFT_LIMIT_RATIO,TOMATOES.INVENTORY_SKEW,TOMATOES.BASE_TAKE_EDGE,TOMATOES.BASE_QUOTE_EDGE,TOMATOES.SOFT_LIMIT_RATIO,TOMATOES.GAMMA_RANGE,TOMATOES.RESERVATION_SCALE,TOMATOES.SPREAD_INV_COEF,TOMATOES.SPREAD_TIME_COEF,TOMATOES.ALPHA_EDGE_SCALE,TOMATOES.ALPHA_IMBALANCE_SCALE,TOMATOES.RANGE_RESERVATION_BIAS,TOMATOES.REGRESSION_HORIZON
55717-cmaes-overall-baseline,-1,0,33468.48625,30481.5,16006.5,15229.5,11.78275,58.91375,0.8,0.2,0.12,0.25,0.005,0.8,2.75,0.56828726,0.69283327,0.02,1.1081637,1.7791177,1.4153631,0.7,0.26486122,0.5
55717-cmaes-overall-it00-cand00,0,1,-1368214.0695,-1243702.5,16329.5,-622256.0,12.0739,60.3695,0.8127357774486123,0.16795218418332397,0.12639262644967816,0.2628158466124403,0.005702288983882417,0.8388163287495047,2.6995704975279327,0.5938155310965343,0.5635605264724619,0.020934575423827102,1.0012127493278418,1.5163655103672125,1.3922882250763449,0.6719044570099989,0.2757033958915022,0.47641117416421475
55717-cmaes-overall-it00-cand04,0,2,-1368559.83425,-1243998.5,16145.5,-622484.0,12.906849999999999,64.53424999999999,0.7927364048841806,0.2146218769987325,0.11542400887666304,0.24508562255288188,0.004512043710159324,0.8704511264344997,2.739411396972475,0.6105586698310463,0.73083627331546,0.017027087318291504,0.9543981571086313,1.7189653231434485,1.3570675942140555,0.5778948559990091,0.2415197577561878,0.25426801275914845
55717-cmaes-overall-it00-cand06,0,3,-1368628.66775,-1244072.5,16071.5,-622468.0,12.513549999999999,62.56774999999999,0.8363974483319792,0.22471860546354316,0.11848660056949391,0.2613473914473422,0.005384885081473348,0.7882157863115917,2.62323303887309,0.5688616636045887,0.6141598002288196,0.022949445891049764,1.073825679206343,1.6369852529316906,1.3634937380507677,0.5749338091514047,0.2190220328607439,0.49422695199681466
55717-cmaes-overall-it00-cand03,0,4,-1368629.27575,-1244075.5,16068.5,-622463.0,12.23515,61.17575000000001,0.8122132776022339,0.22452864504121497,0.12657417669034546,0.2667104607319344,0.003783766357917423,0.6671737123434296,2.73776936963851,0.5762702955157408,0.6470035869717815,0.01563717263079851,1.1570271962571796,1.6424773554810113,1.4472002559282466,0.7391535548486935,0.28014622301062775,0.724440311970838
55717-cmaes-overall-it00-cand07,0,5,-1368690.6535,-1244144.0,15888.0,-622424.0,12.3707,61.8535,0.8053057753751854,0.17949379980843372,0.14316209285112264,0.22975634658529437,0.002347447626961698,0.8263067082113544,2.738632752708677,0.5789848231445922,0.7300876086933303,0.017822784365765797,1.1324211667353405,1.7267739390334802,1.4556262036380998,0.44346050072991205,0.21147122828941506,0.3479052557182635
55717-cmaes-overall-it00-cand02,0,6,-1368757.60325,-1244215.5,15816.5,-622397.0,12.54065,62.70325,0.8017746323642927,0.16514312622834726,0.11918676056935687,0.2526578468870007,0.00488718359518745,0.7888891457220975,2.757621376763038,0.5933079355292655,0.6569895574427824,0.037852993179567085,1.1737675238998613,1.8062122379694956,1.3789745455740317,0.6376691615556128,0.24978732243112262,0.6323433605315549
55717-cmaes-overall-it00-cand01,0,7,-1368868.8007500002,-1244303.0,15841.0,-622508.0,12.84015,64.20075,0.8104422074064161,0.23732701399357573,0.12751714335279876,0.2891152656994623,0.006635581977467003,0.7560585592605372,2.590971099585223,0.6147174763509152,0.577581411802483,0.005,0.9886809631732582,1.934374411263952,1.3672476013229653,0.7867650123902726,0.24852468886674256,0.6041801663788469
55717-cmaes-overall-it00-cand05,0,8,-1368943.6275,-1244393.5,15750.5,-622466.0,11.3855,56.9275,0.8084215377828131,0.21481572447778594,0.12038012056068714,0.20929043102415848,0.007097082935433394,0.9240163860173729,2.8367580572110973,0.5920860183542486,0.6004658301165281,0.021463095175468648,1.1274994141998393,1.9832604794105333,1.377770676906311,0.806280678115728,0.32559954648391415,0.5030849907437616
55717-cmaes-overall-it01-cand05,1,1,-1357633.524,-1234074.0,16150.0,-617484.0,12.5448,62.724000000000004,0.798702980951944,0.1999166780803473,0.11071975337066066,0.24907241540742864,0.004015476377133539,0.8169695952244788,2.68631290863789,0.5459125675043484,0.6126190249836617,0.015047369105574615,1.1326371467986311,1.684277610319948,1.4021006414663524,0.5589537720116411,0.2561278746700451,0.46733726895118777
55717-cmaes-overall-it01-cand06,1,2,-1368159.86075,-1243648.5,16383.5,-622246.0,12.43215,62.16075,0.8021556711383308,0.15868114752731416,0.13235438249981848,0.2604044947068633,0.0052441246207161,0.6719783319392221,2.742958304653452,0.5819435047031303,0.6300706639996301,0.020581342630437753,1.1975825014975587,1.7231261253185413,1.4456956923217033,0.6997452058515384,0.2784672833169518,0.4107672106483452
55717-cmaes-overall-it01-cand02,1,3,-1368519.0645,-1243974.5,16169.5,-622388.0,13.392900000000001,66.9645,0.8248774315455866,0.1811701785051375,0.12282518839955886,0.22179489587331244,0.001,0.8821975517531668,2.818553582802572,0.5860062780034593,0.5360598647511842,0.009865328306426132,0.9567796514099492,1.6875253778169699,1.2913210346220318,0.6204829886845904,0.27394259596883413,0.7771375071863735
55717-cmaes-overall-it01-cand01,1,4,-1368577.3847500002,-1244017.0,16127.0,-622483.0,12.75695,63.78475,0.8134876569807497,0.21201533090369498,0.12051556469788001,0.29391723979277967,0.005365979556617928,0.7926305272964259,2.7756576979721976,0.5821752091154718,0.7084252007935873,0.01182477700865898,1.0593964538976681,1.6056503465345136,1.4309434158891334,0.7688993086034931,0.2713658349244391,0.628289035386807
55717-cmaes-overall-it01-cand00,1,5,-1368656.77575,-1244101.0,15931.0,-622471.0,12.31515,61.57575,0.7745877189479364,0.19247307649413303,0.11454385647777132,0.23376615559228256,0.003963125811138883,0.7744058429838246,2.734024050556216,0.6122329981102366,0.7201913395605539,0.020733540610469628,1.0583045133436408,1.833234626413679,1.367710434309271,0.7285075701902831,0.2543580208178195,0.5605108034022948
55717-cmaes-overall-it01-cand07,1,6,-1368694.4675,-1244179.5,15852.5,-622299.0,11.0335,55.167500000000004,0.8135082045091595,0.1842721924668714,0.10862014301438067,0.2454326547303669,0.007972082824273712,0.9427372509513645,2.7892474095025515,0.5839314952727547,0.7157634787869948,0.015086409387920044,0.9720665962653776,1.398678517877142,1.4756749449841315,0.6757274618006842,0.3003252802687585,0.49974867591266914
55717-cmaes-overall-it01-cand04,1,7,-1368799.2495,-1244210.5,15821.5,-622645.0,11.9499,59.7495,0.800794915414024,0.1930224081212283,0.1309995970067042,0.277585117820377,0.005629472518580093,0.8958553170177546,2.7962716757116444,0.5628905712447941,0.5901669606791158,0.014018047842765353,1.115499534187143,1.6067369934504372,1.4439620690843213,0.7051602988613694,0.287596921869842,0.48904478105820115
55717-cmaes-overall-it01-cand03,1,8,-1369061.109,-1244526.0,15618.0,-622374.0,12.0618,60.309,0.8102971837532942,0.19377192131412385,0.10957376235143337,0.21348851628428672,0.0066494769177036644,0.7645431483804253,2.793214149572012,0.5672355247588913,0.5850698570904903,0.026719016924702382,1.0055524217167229,1.7074203650765605,1.421449704489966,0.6820950408890982,0.267419759849965,0.42721985153060976
55717-cmaes-overall-it02-cand06,2,1,-1368297.885,-1243750.5,16281.5,-622416.0,12.837,64.185,0.8157290657453936,0.16551732603178373,0.12611478107034418,0.2460315479652932,0.003685416406140146,0.8443078390599308,2.717294278785196,0.5839033331622459,0.6251319953029268,0.012236931043916884,1.00598549365378,1.6834795888145377,1.4255786442905218,0.6175211099501078,0.28947738948154,0.4960186131258508
55717-cmaes-overall-it02-cand02,2,2,-1368332.45175,-1243816.5,16215.5,-622270.0,12.390350000000002,61.951750000000004,0.7986228086517747,0.16474575051805285,0.11306427696228859,0.2610050588565744,0.005015467386929106,0.8407568620797855,2.726424093568283,0.5756399242325765,0.5639228112572192,0.020152614893776018,1.0510115000235178,1.821896612966674,1.377497563022443,0.5869563251641035,0.24671365544824933,0.41684272909711506
55717-cmaes-overall-it02-cand04,2,3,-1368403.20025,-1243882.0,16150.0,-622303.0,12.120049999999999,60.600249999999996,0.7947613848382037,0.18905732257968663,0.10716565778928834,0.2699934841253974,0.004762698994920339,0.8574692818441022,2.8699281281717886,0.5824766731980333,0.5778049345141812,0.011121189114938566,1.075550176981161,1.729456702204611,1.4600384226511087,0.7510058722997744,0.2749357267535312,0.5889767790756465
55717-cmaes-overall-it02-cand01,2,4,-1368597.737,-1244091.5,15940.5,-622225.0,12.247399999999999,61.236999999999995,0.7797638119862542,0.18072891636217372,0.1110336492626737,0.2473854324585258,0.0034873940520172876,0.8017523757423343,2.7356914313817615,0.604837390124833,0.696565039282798,0.021897170058752753,1.183646677545367,1.7451368138454935,1.3388837780702652,0.5551375127050545,0.27373938352718746,0.44782311953978116
55717-cmaes-overall-it02-cand05,2,5,-1368714.03775,-1244166.5,15977.5,-622435.0,12.10755,60.53775,0.7989167142098944,0.20766898812053428,0.12952936788048233,0.252250191493412,0.004110187579931705,0.8504882063040157,2.6440235588643564,0.5522144298309103,0.6383273162964308,0.017072144473483587,1.0897386438758663,1.4759291267874437,1.4316951608692106,0.6510905442059679,0.2789111496408072,0.46385924561829156
55717-cmaes-overall-it02-cand07,2,6,-1368735.0185,-1244185.5,15846.5,-622446.0,12.0637,60.3185,0.8131650921825184,0.17056829410716662,0.12555035688703936,0.2648102629414993,0.005901008889709398,0.8615292862238236,2.747888410047982,0.5835224682997733,0.7042459494100937,0.027340660259916404,1.1125278429368057,1.766329735153304,1.3297815825148314,0.6892426356515869,0.23787524582892466,0.5554007792128877
55717-cmaes-overall-it02-cand00,2,7,-1368850.32425,-1244264.0,15880.0,-622626.0,12.22485,61.12425,0.8131429280969424,0.21930285556973747,0.1352253683862848,0.2504301390669662,0.0037340182693018534,0.8130951444965775,2.793725643889695,0.5399945887353321,0.6744330294208285,0.016501834619138477,1.0635097160891294,1.8569647225591097,1.3931301275523162,0.8736176898663238,0.2921562940333161,0.33170535201049633
55717-cmaes-overall-it02-cand03,2,8,-1369050.49375,-1244466.0,15678.0,-622626.0,11.85875,59.29375,0.8133161604062648,0.22199817402128852,0.11361725042675279,0.24624169517653283,0.007251438266588429,0.8102350151499261,2.606441646128164,0.5431741891817394,0.6491565676373177,0.01670262577204097,1.083194276588974,1.7089442867061386,1.4688941287807462,0.5660470551698012,0.25135278548181894,0.36631219865088827
55717-cmaes-overall-it03-cand01,3,1,-1368321.446,-1243792.0,16240.0,-622345.0,12.0892,60.446,0.7940606339516924,0.18271230523150875,0.13428784308575553,0.2565026196411682,0.005144591943296202,0.7914904467931747,2.6207901283753823,0.5612057448224278,0.6705171987216935,0.029095232441261103,1.1881428348585799,1.646770787908403,1.4674953867659855,0.6031329352432536,0.22358478104421348,0.40513307119615893
55717-cmaes-overall-it03-cand04,3,2,-1368436.78225,-1243919.0,16113.0,-622281.0,12.31645,61.58225,0.7949044147076832,0.19185133697213252,0.12392919751136405,0.2502904695206778,0.0059474230701735305,0.8121057708430967,2.7475966636786913,0.5929725503949845,0.6073753100495443,0.015442976127112467,1.0828861899776165,1.6985265175684519,1.3803484576198435,0.6175934915101918,0.25346312403355925,0.4182880137992437
55717-cmaes-overall-it03-cand00,3,3,-1368450.87775,-1243914.5,16117.5,-622372.0,12.39555,61.97775,0.8096226215765593,0.18454156080089198,0.11224254558750317,0.22409122462293862,0.004962539569446233,0.7137235974655156,2.7734478232860917,0.5530213065285708,0.67790570278357,0.016649218703986404,0.9838167867296972,1.765578836165203,1.4104477945770875,0.5761983927481519,0.2757229385025348,0.6063017155060612
55717-cmaes-overall-it03-cand02,3,4,-1368512.11725,-1243966.0,16066.0,-622427.0,12.143450000000001,60.71725000000001,0.8053795032064516,0.18729223328446745,0.13426404951322068,0.2539963953032839,0.004644083227866436,0.9425672054317152,2.731004155881831,0.5650701318165763,0.6744727833349743,0.026986543790106413,0.9662059686425873,1.6067665920350622,1.4585617524814178,0.6549575979508565,0.27501401064541753,0.7058124239101825
55717-cmaes-overall-it03-cand07,3,5,-1368697.99875,-1244139.5,15892.5,-622479.0,12.53975,62.69875,0.8103743571210495,0.16237216954149433,0.12560637942461317,0.24291996485733763,0.0052906675072622745,0.8109428079903227,2.699858912914363,0.5431067544559697,0.6502901957958442,0.017663469455146318,1.0672270703002964,1.6391062271282726,1.419013882052274,0.62606870895568,0.2756740454766507,0.4724415012765451
55717-cmaes-overall-it03-cand05,3,6,-1368707.0162499999,-1244183.5,15848.5,-622306.0,12.463249999999999,62.31625,0.8143424925484278,0.14523198172793392,0.11149799150219106,0.25564015010976265,0.004202881543756183,0.8508525085687427,2.8176323873298283,0.5791215246871559,0.6415542871053184,0.019291855516659268,0.9906431276661591,1.6299403194487445,1.3928763309733305,0.5761167753049772,0.27232854962932074,0.3724640291895191
55717-cmaes-overall-it03-cand06,3,7,-1368732.7552500002,-1244213.5,15930.5,-622293.0,12.131049999999998,60.655249999999995,0.8432270474528188,0.16457107336285606,0.12920803400428343,0.2608860082953659,0.0034894661796461487,0.8233487622902513,2.775612541127781,0.5596568492075193,0.6360569816610339,0.014697263329685014,1.1496972370420524,1.7362272710746913,1.3747391533572102,0.651859240517103,0.28211557880488414,0.5759233660961657
55717-cmaes-overall-it03-cand03,3,8,-1368998.427,-1244395.0,15749.0,-622696.0,12.8454,64.227,0.8296542218841938,0.19847079079701435,0.11948560768437985,0.27013067945187946,0.004942876359163463,0.8469460109176286,2.833119209326023,0.5846194475609456,0.6523563452758353,0.022578037067611766,1.0874078111137448,1.695953744988706,1.3822228188657921,0.7587770401768306,0.2732100608719166,0.5656556495487568
55717-cmaes-overall-it04-cand00,4,1,-1368202.4000000001,-1243691.0,16341.0,-622244.0,12.52,62.599999999999994,0.7853345088999836,0.18506248708007816,0.11980016576622846,0.24624464651533867,0.00466369900399233,0.81262529241717,2.678389790922222,0.5641624649109686,0.6130588348411486,0.026141781578700434,1.1622774137953744,1.5914553888403213,1.3830581747487087,0.6036744380935347,0.2617292568809065,0.45325096715850133
55717-cmaes-overall-it04-cand03,4,2,-1368473.3215,-1243944.5,16087.5,-622313.0,13.244299999999999,66.22149999999999,0.78829361351206,0.16860228881273032,0.11180700440978446,0.23193210711240722,0.0035999344097608016,0.8226030908446179,2.7459568614198258,0.5864990244075592,0.7387556739688417,0.011296470374675124,1.0930367756636128,1.7651658660309943,1.3903226642164408,0.640308840181089,0.24985869338465433,0.433073042957062
55717-cmaes-overall-it04-cand07,4,3,-1368507.4675,-1243983.5,16160.5,-622308.0,12.473500000000001,62.36750000000001,0.811386809291315,0.19443289419697907,0.12501618692963037,0.2380360256170428,0.003984993548725694,0.7335228108866712,2.6989666384258975,0.569926046963179,0.597419238263844,0.019026386444884972,1.1572289861568614,1.7414408129816032,1.4121777106821511,0.6290574572077627,0.24892919745631084,0.33674966333890366
55717-cmaes-overall-it04-cand02,4,4,-1368525.554,-1244033.5,15998.5,-622156.0,12.1708,60.854,0.8022268851234033,0.18729465413531549,0.13395632721011885,0.2532216896365406,0.004465632835105924,0.8301962747060603,2.7846555327017852,0.5236617893066866,0.6291395419221768,0.016728931159667934,1.0087676956144855,1.8297132975588968,1.4438031678440708,0.6224465837459354,0.24602897116938302,0.39622850667255527
55717-cmaes-overall-it04-cand01,4,5,-1368572.3257499998,-1244025.5,16006.5,-622416.0,12.72515,63.62575,0.8053208183022066,0.1882513232188334,0.13607780057279895,0.24921514637468156,0.0023333054218958467,0.8149215546658913,2.843955212545845,0.5634390569411831,0.6427707093529065,0.018160025933137616,1.10453343625084,1.6219825411454483,1.4211750920722064,0.5823931150826633,0.2890102287848423,0.4836695640333393
55717-cmaes-overall-it04-cand06,4,6,-1368601.7345,-1244055.5,15976.5,-622426.0,12.206900000000001,61.03450000000001,0.8081096028720037,0.17954198225336732,0.113408214238143,0.24261399320073412,0.00652486111191019,0.7918644872273293,2.8113822409349325,0.5584288089374744,0.645489895097144,0.011915274537025561,1.1490547304504268,1.7253078879762984,1.4203968385301362,0.5297330137940416,0.2092343416004227,0.4229088356477872
55717-cmaes-overall-it04-cand04,4,7,-1368614.4819999998,-1244051.5,15980.5,-622517.0,11.9164,59.581999999999994,0.8110386324987038,0.1707592951491975,0.10852414680904562,0.25014281413584855,0.0037569096412415964,0.7371600399640014,2.7345426048354105,0.6087519800227328,0.6235474450286759,0.025858415630094108,1.0955580991901468,1.6941632775335012,1.4350620469686768,0.6499588286426317,0.2654717657528014,0.6123907711694548
55717-cmaes-overall-it04-cand05,4,8,-1368804.00675,-1244284.0,15748.0,-622300.0,12.001349999999999,60.00675,0.813668353849332,0.17681680536989244,0.12202569639575879,0.26389742049872655,0.006241187752214915,0.7677857374452257,2.664793256424957,0.5787998919671954,0.5780984225375914,0.02462115150965904,1.124701624020709,1.7649647753128108,1.3754486534510622,0.5867986143148342,0.29226875587780154,0.38514811184640335
