candidate_id,iteration,rank,objective,total,tomatoes_total,min_day_total,avg_inventory,inventory_penalty,BASE_TAKE_EDGE,BASE_QUOTE_EDGE,INVENTORY_SKEW,SOFT_LIMIT_RATIO,TREND_EDGE_THRESHOLD,TREND_IMBALANCE_THRESHOLD,TOXIC_SPREAD_THRESHOLD,GAMMA_RANGE,GAMMA_TREND,GAMMA_VOLATILE,RESERVATION_SCALE,ALPHA_EDGE_SCALE,ALPHA_IMBALANCE_SCALE,POSITION_BIAS_DIVISOR,TREND_FAIR_BONUS,TREND_ENTRY_TAKE_BONUS,TREND_HOLD_EXIT_BONUS,STRONG_TREND_HOLD_EXIT_BONUS,TREND_SELL_HOLD_EXTRA,TREND_BUY_TAKE_EXTRA,TREND_QUOTE_LIFT_EXTRA,HOLD_TIME_COEF
v29_4-cmaes-phase3-baseline,-1,0,31897.77025,29088.5,14197.5,14319.5,10.92595,54.62975,1.178002641956079,2.9164091467640345,0.03289229913595411,0.6357999831736845,1.2192171528276698,0.14151050420649708,15.102718870151854,0.35084701213636366,0.18,0.2565519775515484,0.150121529371951,1.0323468539018212,1.1571295249804827,13.297642557099739,0.23764162511241868,3.2475093338649113,0.5581506510344515,0.8160361784243344,0.24,0.08,1.0,0.08
v29_4-cmaes-phase3-it00-cand03,0,1,31767.38075,28980.0,14089.0,14214.0,11.08385,55.41925,1.2258877311228,3.1582706618068803,0.03302701440807071,0.6212519642664114,1.0491664920864132,0.1669835028689363,14.750805457134742,0.34410858746507567,0.16879448430265726,0.2816895076479752,0.1667501192303518,1.023485649795267,1.2586971007321373,13.640864263973802,0.12368515268759091,3.763194240882148,0.5210957435186656,0.7980096907445889,0.20015784987515328,0.09542550041899574,0.5730115302652394,0.08392364944415742
v29_4-cmaes-phase3-it00-cand00,0,2,31702.93125,28883.0,14024.0,14377.0,11.09375,55.46875,1.0922342486972603,2.4745111253364143,0.029325767462082774,0.5921791609937869,1.1987679116842092,0.15348152149205863,15.458992502248943,0.3657065063447943,0.16915980724017549,0.2,0.10747365715516544,1.0278432784794718,1.1504134645509234,12.285189030582192,0.17954787278102763,3.841304590119791,0.43690476157113456,0.8427707497261127,0.23811607568077545,0.08983304229402256,1.2934309550832572,0.057582629666013616
v29_4-cmaes-phase3-it00-cand01,0,3,31661.09875,28868.5,13977.5,14254.5,11.66025,58.301249999999996,1.2420975200227269,3.164003814861573,0.031618557479675666,0.6438504518500046,1.3655616745571426,0.13904750417389683,15.338455078078715,0.37308677214145647,0.15336800911675508,0.2,0.143677945956807,1.027571485167187,1.1290619641019723,14.134754158844435,0.21140085434095107,3.6596564855857348,0.7546268520620614,0.8341414842936307,0.25854557249725246,0.04313698380024158,1.1646971666192485,0.06955451320355996
v29_4-cmaes-phase3-it00-cand11,0,4,31601.302,28806.0,13915.0,14256.0,11.1796,55.898,1.0759114240291392,2.6661056419873073,0.03998830210831085,0.616165738071123,1.1644236293109758,0.1556745435581799,16.06809790877975,0.37415804137325576,0.1570007058891102,0.2833820080683356,0.1338317684110825,1.0464039341176994,1.1674914003286652,15.249972442841162,0.25268491199434095,3.9059247143341294,0.5692394639873296,0.883765240812353,0.3430576739222834,0.08018082912164726,0.9246204910551192,0.0887530601652619
v29_4-cmaes-phase3-it00-cand05,0,5,31596.87775,28805.5,13946.5,14254.5,11.90445,59.52225,1.1615058798415259,2.8624943207921523,0.03987808405572149,0.5678568320641229,1.1493492296917098,0.15513019075338225,14.630296254047641,0.244331365099701,0.18,0.22442431911964172,0.18829322450346567,1.053317134724234,1.236067800174425,15.364037374678254,0.22918333868471644,3.5365379015370557,0.64291652754936,1.053132383340413,0.22977722474387557,0.05480041143966467,0.9208634549816165,0.11637380665972238
v29_4-cmaes-phase3-it00-cand08,0,6,31574.4945,28769.5,13910.5,14303.5,11.1411,55.7055,1.2282516724646404,2.9646458586801567,0.030759867032205478,0.6166971678747188,1.1710747882455435,0.10078904472765238,15.597550779615897,0.382219780811747,0.18,0.3695036037364673,0.13754188628956895,1.0365713551319629,1.292965911019779,12.151308980946048,0.13864459604514853,4.031941215929111,0.4710911633423731,0.7611648905162266,0.2487952454367965,0.09622849347539592,0.9623025843949113,0.06608108559016806
v29_4-cmaes-phase3-it00-cand02,0,7,31547.41125,28736.5,13845.5,14357.0,12.09775,60.488749999999996,1.3787047582385403,3.1078754673443885,0.03518657916195555,0.7252012087654727,1.173781821906806,0.15857325642820655,15.275283777861492,0.31551790660017787,0.17695963841455292,0.294780469499182,0.13995582787904148,1.0261767443992624,1.1933927043535362,12.873303993748095,0.3105601362515109,2.8808970580990234,0.4889145640051737,0.8455546135620503,0.29101104873826167,0.15104092083109383,0.785662376710491,0.06971615495937901
v29_4-cmaes-phase3-it00-cand07,0,8,31544.206749999998,28759.5,13868.5,14220.5,11.87865,59.39325,1.2875924524391245,2.978709577596719,0.03333073889749958,0.636945889986604,1.2456717606348278,0.1603588693138518,14.862297471495282,0.3176554403307864,0.1742964974628929,0.2,0.14022416853987427,1.003960808890819,1.1509606169359603,12.770163197075737,0.2068878227681331,2.6788300220256973,0.5893459611888142,0.8881800335531407,0.1517272924224109,0.05269445963729466,0.8994184830200755,0.042148572789302084
v29_4-cmaes-phase3-it00-cand04,0,9,31518.95575,28732.5,13873.5,14226.5,11.76885,58.84425,1.2812117881870981,2.8771977990948,0.02866645009589193,0.5805527773735597,1.2484354940305085,0.16609312805912232,16.11723152222983,0.286640582339074,0.18,0.33278163209662837,0.14115343826006088,1.0945379490183422,1.2195724955831149,12.929308388986408,0.24404385493352496,2.0093320741993645,0.5286216165689424,0.6520195158155931,0.26844224627211316,0.04528615236917134,1.2929537789307093,0.08404803043787738
v29_4-cmaes-phase3-it00-cand10,0,10,31460.09625,28675.5,13784.5,14212.5,11.580749999999998,57.90374999999999,1.1276934579796194,2.3367556600908936,0.03558052343012506,0.6558439074154195,1.2826587592402845,0.17026966946524547,14.675142373326938,0.34576600771133525,0.16713417772617012,0.23905966159852904,0.15763055758099426,1.0485222167871513,1.2789596993555952,13.67482236805601,0.23538652182537337,3.2216567089560484,0.628860935201323,0.9290092850683149,0.18573415061890652,0.10000021409282867,1.3222880929422143,0.11811673242469678
v29_4-cmaes-phase3-it00-cand06,0,11,31311.982,28531.0,13672.0,14189.0,11.363600000000002,56.81800000000001,1.0608800550336803,2.9957150337908027,0.030590497075655067,0.6199805521919651,1.2498392149670214,0.12203804541163969,14.899687937239399,0.3778973213634489,0.1635450938562947,0.23087689625406962,0.12117312167398808,1.1384228577829474,1.2256364384394185,14.782663322146007,0.14919345746776824,2.65409177446921,0.4595732360212379,0.7665389623847322,0.19822388362711585,0.06544169550217462,0.6086927332435823,0.07057696908422223
v29_4-cmaes-phase3-it00-cand09,0,12,31088.1785,28342.5,13835.5,14014.5,11.444299999999998,57.22149999999999,1.0581963812090809,2.907836670256337,0.019381696121959426,0.5915642645955065,1.2645516776006598,0.14294698677434195,15.258115445659561,0.27049091138111164,0.18,0.2,0.14038119254773154,1.0081294695454777,1.0140892144726734,12.488361188474762,0.24119208014508528,2.3437384552468994,0.5110047664129027,0.8137565153437173,0.19188183975055703,0.06085486040435564,1.3872398885754198,0.10005510648850409
v29_4-cmaes-phase3-it01-cand10,1,1,31667.669,28866.0,13975.0,14312.0,12.1462,60.731,1.2590315473128382,2.8980406149454505,0.035183876145762634,0.6449763518489686,1.1548491216757144,0.140317919351509,15.34070534455246,0.3197269067416807,0.16637417917418132,0.2534736870425268,0.12291557235682123,1.0228478647730657,1.0706512799361934,14.340178595430276,0.20412519266881726,3.480167265409708,0.5335557367902969,0.8087429459153994,0.3099726717175294,0.09593638512128475,1.0981894111351211,0.05644149141726311
v29_4-cmaes-phase3-it01-cand03,1,2,31642.269,28832.0,14037.0,14355.0,12.1462,60.731,1.1595700237989064,3.132340842438769,0.02678641807739964,0.5822289802048322,1.273316414856451,0.15725692864089627,15.030931421707319,0.3215993815586427,0.18,0.2,0.12245974170729088,1.0095542411841587,1.1730503963392942,15.730203597514624,0.25474464880405523,3.1930482025968683,0.5968727669547281,0.8968208489334896,0.21438910236544426,0.11208413616311463,1.0340122322043466,0.06627150187234382
v29_4-cmaes-phase3-it01-cand05,1,3,31617.31525,28808.0,13917.0,14329.0,11.296949999999999,56.48474999999999,1.1295333603838502,3.2796177902513137,0.035201203197560926,0.6195095451082062,1.148516481031137,0.15720381805220854,14.911992509175006,0.34137775715788354,0.17765320592645867,0.22453816614987904,0.17235669126302017,0.9876656873597871,1.3181327032987677,13.149361550968127,0.14738926986247292,2.879412129195564,0.7232994467215594,0.8512213774664599,0.22769995723888273,0.06248575367488021,0.6760055379491064,0.07008546498599418
v29_4-cmaes-phase3-it01-cand08,1,4,31583.358500000002,28767.5,13876.5,14358.5,11.1683,55.8415,1.084237194342558,3.102826510867045,0.04283995706343088,0.6463389903944039,1.0968483567811658,0.15407122039024845,14.611873055699025,0.3642678416205822,0.18,0.27213932355095527,0.14153578617016746,1.008158352783552,1.0751259989651114,14.142843708453062,0.1374875650729923,3.8867283601445948,0.5807218805745179,0.859151882124328,0.29584002231318296,0.09831709804430451,0.8350741278082354,0.0764452649935036
v29_4-cmaes-phase3-it01-cand04,1,5,31583.206749999998,28791.5,13932.5,14255.5,11.87865,59.39325,1.2004731871288903,3.2225800211063342,0.0323378830527485,0.5912383749956936,1.2382552308787111,0.14198122363991886,15.02792655495387,0.35710092356114065,0.17639794925967137,0.2436259056790412,0.13949063293125977,1.0211689238922939,1.2317792910720387,14.358359091176512,0.2272257665081654,3.681183286274025,0.4833362875010547,0.9207463650183647,0.30046604689407075,0.11987731909340943,1.2295025660480166,0.055933125028029634
v29_4-cmaes-phase3-it01-cand11,1,6,31481.80675,28702.5,13811.5,14193.5,11.87865,59.39325,1.4126321495686978,2.867849309943106,0.02992373671031383,0.675854737079578,1.1589541571748365,0.12713197614987326,14.51976851809255,0.3238890243235405,0.17407665502373643,0.2,0.14961490251848863,1.0434183350781936,1.0689215386175883,12.212480867409978,0.23908250532155684,2.733150130476784,0.5170129604564273,0.7560290895487886,0.2510056589122194,0.05888626582559076,0.7471300740542358,0.0640621225209264
v29_4-cmaes-phase3-it01-cand09,1,7,31466.49625,28680.5,13789.5,14219.5,11.580749999999998,57.90374999999999,1.1440125424631924,3.16271077672244,0.027892635930209686,0.6182029316829157,1.1476736277343362,0.14161075367296447,13.733112582322473,0.37452033923233125,0.13694716970710338,0.2,0.1302829709508464,1.0507801826800223,1.2309639897304692,13.05224137527491,0.23840156841303212,3.336879882777125,0.5215937029870019,0.9917891374905561,0.2525249276225602,0.05127305797395436,1.186357185912607,0.08699564514275346
v29_4-cmaes-phase3-it01-cand00,1,8,31457.667999999998,28671.0,13780.0,14219.0,11.426400000000001,57.132000000000005,1.173908045909783,2.813749048700119,0.04695692516058554,0.6282414980375995,1.0890762789883115,0.14579371788506823,15.175508453329734,0.34732303223597777,0.14557416395588213,0.26155803784311826,0.15275222057378415,1.070979102773522,1.1635467110781201,13.881069306737539,0.1719351105465075,3.416711779107349,0.6340214140961782,0.8323460824627497,0.28283903578690045,0.07349382362164766,1.1433592524790601,0.05665684940410625
v29_4-cmaes-phase3-it01-cand01,1,9,31406.3785,28622.5,13827.5,14205.5,11.444299999999998,57.22149999999999,1.136516167172401,2.8010057461124918,0.025424800417658135,0.5942504683648558,1.4351838172865004,0.13915854497739474,14.914997331977974,0.37552416691757884,0.16713901637092268,0.2356334356003413,0.11270889773104985,1.0365861995454817,1.0671958646990618,12.069734848272608,0.1995425530193311,2.7083550313596607,0.6450204043524516,0.6309768306920845,0.32405268778580515,0.06680185223875171,0.736753608787864,0.1005746710729044
v29_4-cmaes-phase3-it01-cand02,1,10,31372.51925,28581.5,13754.5,14257.5,12.09615,60.48075,1.262311888093988,3.0627623779037894,0.030230596762945927,0.5743568861280731,1.252481496139406,0.15966513746127203,15.004032823927979,0.37837456505440126,0.17857915659026752,0.2,0.15200497430665347,1.0024261448152123,1.2173728343933603,15.059700889032912,0.14510142150197625,3.9463477650970447,0.46261979640983314,0.8159052062366904,0.24213592937608458,0.1419822407367344,1.183395944262047,0.08651007363450496
v29_4-cmaes-phase3-it01-cand07,1,11,31364.358500000002,28566.5,13835.5,14268.5,11.1683,55.8415,1.0951768575489678,2.8307841573776518,0.024261650033500615,0.5953853054857242,1.2974666029338706,0.15266278475936532,14.684705533688536,0.34329470969096937,0.16810833479154505,0.2562749562733062,0.12088238304581507,1.0431049763400573,1.152065898868166,13.16068421764275,0.18375322881688522,3.8504536381058574,0.6113394835123589,0.8464224226271013,0.243405865617959,0.07267223886766708,0.972828773060907,0.08967305734617241
v29_4-cmaes-phase3-it01-cand06,1,12,31344.807999999997,28551.0,13692.0,14253.0,11.3584,56.792,1.009615681862951,2.7445996629205363,0.024767721866490917,0.6318453329965815,1.318140137729807,0.14341223564648825,15.264859786933142,0.3651456798854215,0.1786014684488062,0.29068993807835297,0.12740869586201875,1.0653411499978709,1.0648508618295724,13.793379061678962,0.23798407627384321,4.283480105196866,0.4137431024590026,0.6932930091071065,0.2914538829608931,0.0936867880031849,0.28617043493309413,0.08426309590386005
v29_4-cmaes-phase3-it02-cand00,2,1,31859.566749999998,29030.5,14139.5,14450.5,12.20665,61.033249999999995,1.2439163687374901,3.1352453912533402,0.03255741613436983,0.6207490626287356,1.2330044512105132,0.15075583404958598,14.834043448800722,0.3562204139777304,0.16489488450397422,0.22760067811699003,0.10961583653060145,1.055408858088444,1.2106957350131313,14.963850202985727,0.23493203101140278,3.515961308599397,0.43916204394856684,0.7136246997605353,0.2834312150255119,0.053569726573235985,1.5695368658902908,0.07132983747769427
v29_4-cmaes-phase3-it02-cand02,2,2,31791.980750000002,28998.0,14139.0,14247.0,11.08385,55.41925,1.1134310508045666,3.1041661334020736,0.035812519760849565,0.5834776822681882,1.1667231598865755,0.15738725617402846,15.147509820422,0.3645472298380813,0.175582775265614,0.23281830252775854,0.126947386710334,1.03056176828069,1.190723708327433,14.092511348457883,0.23313865431157124,4.054982203107003,0.6550795961622751,0.7577571898863023,0.20936579452653006,0.07719417223481374,1.4422126468805256,0.09051666640387793
v29_4-cmaes-phase3-it02-cand08,2,3,31767.65075,28975.5,14084.5,14256.5,11.82985,59.14925,1.251456413344122,2.888623034698591,0.038227460265225666,0.6128696746186441,1.0852394394530251,0.12541779254637633,14.160295214575477,0.3614033550966361,0.17868093926674822,0.2722254600151592,0.15158576698252765,1.02257169884677,1.0865916181728734,15.055800024735833,0.1398133759740398,3.3668929225534154,0.5398913982904405,0.8862659510463912,0.301420828174476,0.07834207446937999,1.1720153021406967,0.05008319339833263
v29_4-cmaes-phase3-it02-cand10,2,4,31718.069,28911.0,14020.0,14339.0,12.1462,60.731,1.250267233844931,2.8349794745820893,0.03334733442978585,0.6355031917985131,1.1810181634208792,0.14460780720490465,15.11555443427165,0.3307645659634126,0.16038253753421283,0.20146399020068614,0.14031493181744667,1.002942371872836,1.0891078649866108,16.021700063754093,0.20340859108218592,3.0220308525637094,0.4851799502184684,0.74416058003688,0.29674881610135495,0.0959559257233029,0.8784768835894896,0.08834473542866289
v29_4-cmaes-phase3-it02-cand11,2,5,31621.4035,28829.0,13938.0,14243.0,11.2393,56.1965,1.1254137921234573,3.197331203101803,0.03588564558978284,0.6310869486556855,1.2935175597583863,0.15866372136924933,14.172606849642362,0.3351719216555547,0.17484731183543617,0.24738793986089996,0.14548816085784558,1.0632796260872777,1.1332333115249738,14.54624735626572,0.2052490592953564,2.995456130035357,0.6567424360141536,0.8090041530922728,0.27340589992995196,0.11649832755731636,1.0487846326974548,0.06758741684650472
v29_4-cmaes-phase3-it02-cand06,2,6,31620.63525,28825.5,13934.5,14271.5,11.83295,59.16475,1.1586485840773757,2.9723452221329936,0.04251080425235993,0.6231855176104489,1.1220408276636822,0.1248079671491556,15.19372040682994,0.2929861333462573,0.18,0.3280865338084589,0.11551492729578476,1.0211991281913846,1.1447717825752004,14.427746260550602,0.19664350937190334,3.595990872089857,0.568095784122624,0.8507668343511351,0.18765592529085157,0.06767670306319964,0.7572396464888254,0.051005985360757095
v29_4-cmaes-phase3-it02-cand05,2,7,31601.298749999998,28815.5,13924.5,14220.5,11.66025,58.301249999999996,1.3734462208520237,2.803306742737968,0.045370269280929326,0.6257141591937782,1.2586679667444423,0.16988793872296576,14.920924322727181,0.38186460502349456,0.18,0.23132769641636988,0.14009400004690586,1.080522225848092,1.201836140366058,13.162968752303172,0.19368474304050962,3.692745443824212,0.567784378896793,0.7916891007577892,0.2731897836989684,0.12191070999566671,0.7119952746986216,0.05256329837100869
v29_4-cmaes-phase3-it02-cand01,2,8,31600.09875,28811.5,13952.5,14234.5,11.66025,58.301249999999996,1.2315374371258008,2.9992348475026507,0.029079579160868427,0.5826126418432465,1.1804928092739315,0.14835656125244126,15.638154651096562,0.33853738387917454,0.17282751427075788,0.25029630958135585,0.1692505474596553,1.0143541579072957,1.2096626434123723,14.330623818987954,0.26470183248582524,3.511735876051584,0.7284643373852394,0.7046504712369901,0.2668520050663348,0.07618940492980661,1.0996248247163163,0.08315737205952534
v29_4-cmaes-phase3-it02-cand03,2,9,31571.60675,28783.5,13892.5,14237.5,11.87865,59.39325,1.1835531478096801,2.7216393012566282,0.03517305566893278,0.6419084329503599,1.2739824865536944,0.14791561755363344,14.826308810084855,0.31081101994957816,0.18,0.29237001704740184,0.13825694452338785,0.983044862607892,1.1391636328538148,13.156505469534562,0.21094896933651064,3.4533438466245383,0.6008054395467449,0.8870086106832982,0.23423127785921832,0.06330940107953593,1.0372602033054317,0.06259726399311875
v29_4-cmaes-phase3-it02-cand04,2,10,31486.6135,28687.0,13796.0,14299.0,12.037299999999998,60.186499999999995,1.3241304025003304,3.183388264196764,0.042735028558732485,0.6376237366574217,1.1705661014300168,0.1509818842851434,15.162072532402124,0.3688638585103088,0.18,0.2659951230390888,0.14026839646995265,1.0021423740107003,1.2189172727223718,14.561188908429719,0.2636532757907435,3.2644701277611032,0.550978197565169,0.7482253192715709,0.2082019308215714,0.06998294036919116,0.9703362436550199,0.10300346856813503
v29_4-cmaes-phase3-it02-cand09,2,11,31417.85025,28634.0,13775.0,14216.0,11.86995,59.34975,1.197976577808758,3.122865379972046,0.034658446741632265,0.5831335800707056,1.119872677033347,0.1392031564632666,15.345688497778752,0.3949037129943925,0.17620364378519557,0.24221475770982723,0.16436021237615916,1.003211708686824,1.159871394898177,12.507746435313944,0.17946141847041688,3.2513721052033095,0.6717216930795682,0.737751926359439,0.2900449682192708,0.08005535932526386,1.1714767044063574,0.06915835118651284
v29_4-cmaes-phase3-it02-cand07,2,12,31404.884,28624.5,13733.5,14201.5,11.9832,59.916,1.1897492526738687,2.8950998439965794,0.037871571217414475,0.6716739025403011,1.450433090279198,0.15836964925804953,14.372832367266904,0.3410458860551636,0.16298371114301496,0.2785755530229643,0.11825320151328421,1.0143801314032406,1.1030430538529388,12.089219012298964,0.2574023675776482,3.1917431455491325,0.6541406651220012,0.827699993212358,0.2765232832218065,0.08569569353156833,0.9244837508812996,0.07618634233992412
v29_4-cmaes-phase3-it03-cand00,3,1,31827.356,28994.5,14103.5,14460.5,11.8488,59.244,1.108318024163232,2.9684480805184292,0.03492012692867527,0.6800174345854944,1.3687844351669733,0.15705967702137869,15.218593876857309,0.3298295210254857,0.16267179648795893,0.2664545299986368,0.11907115632840481,1.0163486928579404,1.2447196956873177,16.1500376842014,0.2437344425196411,2.77988867132758,0.517351830736425,0.7112168212723803,0.2505889952141559,0.1397072599643869,0.9665048902642465,0.08013138584145472
v29_4-cmaes-phase3-it03-cand01,3,2,31756.091,28939.0,14048.0,14349.0,10.541799999999999,52.70899999999999,1.007036849329295,3.1062044646482714,0.04039858421495218,0.6220352084669677,1.1999620592402753,0.13455358808607346,15.534925801971307,0.3453235621837255,0.163660760878437,0.21353699948832303,0.1416393536600373,1.035746811522138,1.2972430964074335,12.11771537208962,0.18812078105360291,2.767729528392037,0.5500749334392921,0.9222297770013282,0.24794894236646342,0.061877203208777085,1.152148116597484,0.09253303864979483
v29_4-cmaes-phase3-it03-cand07,3,3,31743.273500000003,28956.5,14097.5,14219.5,11.4253,57.1265,1.2490184493757304,2.68255022984047,0.03015040102728628,0.6339724385457337,1.1734179954403483,0.14508373626819707,16.07458203996182,0.3546515663467294,0.1585631041774091,0.2807363051079019,0.13812590740702,1.045762153398769,1.2303256858032052,13.011858032908203,0.17057489065793907,3.3394757345945254,0.6039367880313071,0.7813924814648475,0.24910917583740408,0.0800984216650079,1.3871096589093508,0.08338011752426122
v29_4-cmaes-phase3-it03-cand06,3,4,31648.02675,28851.5,13992.5,14277.5,11.79465,58.97325000000001,1.128936019491832,3.190265785738478,0.03595817962414633,0.5880972278583315,1.2033915125077785,0.16093350055229377,14.822389463633987,0.3358197510827814,0.18,0.2824285409689411,0.1013711181648199,1.0377924419064288,1.3374123170022751,14.478360251448507,0.1910083882489109,3.6603374661888264,0.5149304196376445,0.8196461307647944,0.18747038810668115,0.08114941650015838,1.3011540557939194,0.08571498113465804
v29_4-cmaes-phase3-it03-cand09,3,5,31641.057500000003,28826.5,13935.5,14354.5,11.2685,56.3425,1.066292616337416,2.7356421641579916,0.02977885036978391,0.654295680016214,1.0659111527065401,0.13844664577342963,14.98628316410877,0.3389387971004943,0.18,0.2,0.1514080383021191,1.005647303666626,1.075722224056833,14.578073252571114,0.23394739335254244,3.7279920059773737,0.5684416706566648,0.8055052134916846,0.28260637391378013,0.08982599904608497,1.114390725008225,0.059292373022414885
v29_4-cmaes-phase3-it03-cand08,3,6,31619.95575,28827.5,13936.5,14256.5,11.76885,58.84425,1.1390133628525576,2.735267741235173,0.033038344647238885,0.6454561191938624,1.0718188955451635,0.149007761016499,15.307077891046214,0.35168883090436687,0.18,0.25017405908955714,0.12180649328938005,1.0328692057753,1.254450653501677,13.809725513470388,0.1797332139665744,3.6901361969713475,0.4512806796238157,0.7809561557696498,0.19948568132493996,0.07989890273049882,1.1480273159806786,0.09459247641144765
v29_4-cmaes-phase3-it03-cand04,3,7,31608.6575,28798.5,13907.5,14332.5,11.2685,56.3425,1.12443395788284,2.5568452443309315,0.03425374758127112,0.6508364756280816,1.129665718033378,0.16085332209930606,14.894102639268706,0.3614813107833745,0.1547278209798649,0.23624259135647116,0.1817234138684501,0.9995483327773867,1.1224557889934157,15.278490307204217,0.23574326651863695,3.3787659494510773,0.5336248519870183,0.9949639556589845,0.18067807029295116,0.07272461082036549,1.5108526244330025,0.08244186115604467
v29_4-cmaes-phase3-it03-cand05,3,8,31591.5755,28798.5,13907.5,14248.5,11.3249,56.6245,1.0740239457024687,2.8909049066416306,0.038695275408740695,0.6038051291426074,1.2087580539625646,0.14558016873242802,15.353561541160124,0.3550157633328614,0.18,0.2,0.1290406425088483,1.0736538859465017,1.2727470266840493,14.506932198978948,0.1657626963059894,3.464436296876545,0.5571344369465288,0.7502605782865465,0.23769015090225712,0.10475694325486418,1.1731162211397712,0.07390606741878776
v29_4-cmaes-phase3-it03-cand02,3,9,31549.1935,28753.5,13862.5,14259.5,11.241299999999999,56.20649999999999,1.037926299099155,3.094409436078222,0.032380631701335184,0.6214213615773205,1.3133670572247675,0.13313848252112598,14.5646307248477,0.3537969437826727,0.18,0.2,0.12891960418627788,1.0605462237337833,1.092314727015156,15.003897158378157,0.14347739559020922,3.3671476025858142,0.6535132720918014,0.7788787916657198,0.3220303383707047,0.06533674307235979,1.3581015694858076,0.059733657342229046
v29_4-cmaes-phase3-it03-cand03,3,10,31538.16475,28748.5,13889.5,14246.5,11.92705,59.63525,1.2211992011343407,2.992877809084996,0.031049390021259067,0.6250226633114525,1.230744598763321,0.1397720601632753,15.671489620339612,0.36575368495215427,0.177156997858752,0.26831301523380396,0.14235546302677607,0.9975634182482798,1.1955596924415233,13.590251886876285,0.19860765886648574,2.7661661175445738,0.5268351667058456,0.8149143852155001,0.23526659032409072,0.1067184176357685,0.42939455422123474,0.06332127340585479
v29_4-cmaes-phase3-it03-cand11,3,11,31505.558500000003,28697.5,13806.5,14319.5,11.1683,55.8415,1.1738036587118157,2.9716889958782615,0.04240319832155937,0.5737636739388638,1.2802203875060307,0.16324590730961705,15.058387229540179,0.3774319958295648,0.17846904467030986,0.2539620756111356,0.15143770835673867,1.0285608479958455,1.2480230576686915,13.495548914836606,0.15244977535764043,3.7788357319951373,0.6145085636240671,0.788678708404261,0.2585691578116055,0.06601131419822187,1.0801059400005673,0.07267534212563068
v29_4-cmaes-phase3-it03-cand10,3,12,31438.4425,28647.5,13756.5,14241.5,11.471499999999999,57.357499999999995,1.0701191175172446,3.279799238890138,0.03273344600944362,0.6348091918636833,1.1994701876555636,0.1796069763307145,14.391054493133668,0.3309485101208368,0.16499500993207508,0.20864540156858424,0.1516893146549461,1.0154688977029835,1.115798361232231,14.2081329511754,0.20068403182330496,3.5347203602630564,0.5289136295146509,0.7811100178798575,0.20918214327961546,0.06811411890051003,1.0068487684074887,0.08713345956428228
v29_4-cmaes-phase3-it04-cand04,4,1,31778.0525,28961.5,14070.5,14364.5,11.2695,56.347500000000004,1.0139355272340742,2.7967902035127787,0.030090576862484925,0.6711342879390285,1.2658204941368296,0.13946631103503593,14.98949626731442,0.32594263767929543,0.1760679068467867,0.2,0.11350177615096034,1.0167033658258275,1.1523954022467366,14.340046714607592,0.2013561218629138,3.335033828344681,0.4743509803130175,0.7129938382256803,0.21326838082704194,0.08728244715539141,1.1501263651875409,0.07532881226087906
v29_4-cmaes-phase3-it04-cand03,4,2,31722.06225,28905.5,14014.5,14367.5,11.387550000000001,56.93775000000001,0.9393738619144483,2.862418156656835,0.03653666420905024,0.6247160695955467,1.242530590946128,0.16400157893246337,15.66406557660888,0.349079800778895,0.1759254104525979,0.24000782000227477,0.1495563463316022,1.0487311666742352,1.1375147223337525,13.535018105556716,0.23852707782410207,3.904986312579207,0.5502017201478994,0.723049194839929,0.22359824998260072,0.08076784153360496,1.360584145929288,0.08304750916532447
v29_4-cmaes-phase3-it04-cand02,4,3,31673.87575,28858.0,13967.0,14360.0,11.22485,56.12425,1.0305776325032534,3.026847552546643,0.030026879119495833,0.6716404882465318,1.2178745367583212,0.14455262595468832,14.614118881140552,0.3482225638660708,0.1601702690367493,0.22154303187846472,0.14440021770578762,1.0196066330941185,1.2893214559431145,14.867662981227655,0.23031789564725402,2.9347893468533366,0.45075040678762224,0.7115441432070597,0.2846583800078152,0.1020462083664427,1.0626211459220205,0.05798118178240784
v29_4-cmaes-phase3-it04-cand01,4,4,31660.87775,28866.5,13975.5,14269.5,11.90445,59.52225,1.2067335117069486,3.105110872836458,0.037274786751561685,0.6259986835245516,1.310433500884291,0.164810256290271,15.201355771169862,0.3467467415611715,0.18,0.2,0.14124510858711434,1.0385065714869277,1.3270777315856173,15.280790368145894,0.2022320018141596,3.392524864677076,0.4522349061597106,0.8096460900760165,0.21480458954114495,0.05039594638622989,1.3830008788386987,0.06417225633465296
v29_4-cmaes-phase3-it04-cand06,4,5,31659.0235,28840.0,13981.0,14379.0,11.3553,56.7765,1.0504424604522313,3.0836696858845802,0.029860929472193005,0.6083983017994817,1.135809679526998,0.155804966276665,15.339185876951886,0.3395187885466015,0.1704008360263618,0.27860255651357124,0.14686315641974454,0.9954291227334164,1.1540902751778221,13.05512875706667,0.18708145914593136,3.1776198992924543,0.5397603317444872,0.7609078422453219,0.25402594133502365,0.09231636472668545,1.2513182893263113,0.0711985060133568
v29_4-cmaes-phase3-it04-cand05,4,6,31650.6575,28835.5,13944.5,14357.5,11.2685,56.3425,1.0471801903444387,3.0128919938391587,0.03355976381737143,0.6222231958911085,1.3157426746655354,0.13001729914001015,14.995165589792562,0.3239749704804993,0.15510856966759806,0.2,0.13711055509128828,1.0169192440302357,1.161600760273149,14.274732364682366,0.20046542388931954,3.3324567485609413,0.45420786352187537,0.834368355391165,0.27495466326686685,0.0735017043079017,1.158923438907751,0.08341165622649648
v29_4-cmaes-phase3-it04-cand07,4,7,31649.02675,28854.5,13963.5,14267.5,11.79465,58.97325000000001,1.156832430759802,3.032878784824682,0.0358881059693896,0.6438901137151829,1.240845520773144,0.15749746138751877,15.538339511188365,0.3319381363931522,0.1697937104734352,0.2893737410472656,0.10280148961936961,1.0047087337954606,1.3115022581906781,13.7117473686957,0.18623159030909792,3.7496244485363,0.664952492941825,0.8606454422083711,0.29974971218172125,0.061027429442907975,1.0396128124327533,0.08754065313377812
v29_4-cmaes-phase3-it04-cand00,4,8,31630.71275,28842.0,13951.0,14229.0,11.417449999999999,57.08725,1.1705085511150783,3.064427073903531,0.03454682017082318,0.6414810796371602,1.110289446916867,0.1349774144746994,15.006880388137832,0.3588212903876514,0.1679357723997887,0.2,0.14470183524869554,1.0449386472788345,1.1874277808060472,14.25375025190606,0.2116384559323429,3.368791901995154,0.6139437155979347,0.7704277512577627,0.2785561979826015,0.10426110564156386,1.2529525256972303,0.09555710421173189
v29_4-cmaes-phase3-it04-cand11,4,9,31609.4915,28791.5,13900.5,14367.5,11.101700000000001,55.508500000000005,1.0945917135373444,2.872687842879592,0.03089803627427797,0.6708206959458415,1.1581224458374655,0.16924327414928503,15.016497181720686,0.32694943643138125,0.1651785772893803,0.25698548337229804,0.15103928268657088,1.0454888343836084,1.1973248440080078,12.410663683899859,0.31627659909491224,3.254370406640887,0.5180668976069537,0.6784159478377848,0.18541073982478457,0.09989203012485118,1.4893710266407727,0.06475531923511625
v29_4-cmaes-phase3-it04-cand10,4,10,31501.460750000002,28710.5,13851.5,14253.5,11.947849999999999,59.73925,1.1045459753121742,3.0516737853620186,0.031256004818556074,0.6176938493585303,1.1248245512582222,0.1364152960896878,15.537789321333722,0.30604245506213745,0.1731547491240797,0.2661047517912526,0.12867219733489407,1.019942874077655,1.3205646359672902,13.289055851211888,0.17359335989641153,3.541320464001197,0.32208402811210163,0.9097558811365622,0.2501242824666078,0.06352501202884546,0.6118629835204391,0.07146069294330071
v29_4-cmaes-phase3-it04-cand08,4,11,31460.5435,28674.5,13847.5,14228.5,11.9313,59.6565,1.265798096285658,2.9263034940994928,0.03729456160457441,0.5943543453401069,1.0990252055175955,0.16420632565827703,15.694396941438912,0.3458173912836314,0.16415009922506232,0.2254405540724025,0.10470547073191692,1.028687629000206,1.1959803102351452,12.35771637577608,0.1773267863353425,3.197500502062539,0.5569453079747699,0.8539064406084598,0.26966640303798745,0.055041748458618735,1.1206773282579892,0.09036797643072796
v29_4-cmaes-phase3-it04-cand09,4,12,31406.9915,28616.5,13757.5,14260.5,12.3217,61.6085,1.2939281414137338,3.0137833477954894,0.03814476686921346,0.5842848008046603,1.2942003859092652,0.16653526845986596,16.068107103170547,0.3482248404648464,0.17523466800607657,0.218208281906386,0.13851051260912872,1.0414003264818332,1.1466154102559547,14.4302348366267,0.2528849817167339,3.2357662799042077,0.4742844190760195,0.9632021980624276,0.2931656268020475,0.0857496549252585,1.179169759223017,0.08662594439551753
v29_4-cmaes-phase3-it05-cand06,5,1,31690.39,28870.5,13979.5,14383.5,11.362,56.81,1.0113242095075121,3.0146508434764483,0.03323968753403971,0.6654100623630161,1.300592216928767,0.14563161942297476,15.236040586911928,0.3278667394719587,0.1523885724597332,0.25989069023255673,0.11822130210425844,1.0015426119357977,1.1356217072948471,12.256981471513333,0.19548407932138295,3.3507773721473533,0.6181942403686987,0.6747787438553159,0.23715856115088776,0.07705909610671344,1.1427159280410646,0.07347790897553647
v29_4-cmaes-phase3-it05-cand01,5,2,31677.62675,28879.5,13988.5,14285.5,11.79465,58.97325000000001,1.0717475765879383,2.9327741959413554,0.039742256576896534,0.6420597382416026,1.2459592111955848,0.14601600915832796,14.904056879884124,0.30183949461618714,0.15654669874426838,0.23866229453956578,0.11372540641076909,1.0443409522495941,1.1478165930667916,14.785889638756982,0.15178890163239728,3.384089161186914,0.4803451034572534,0.7518766824277163,0.3137634011337863,0.06605381766685604,1.4552262399944182,0.08861468826697115
v29_4-cmaes-phase3-it05-cand05,5,3,31672.67775,28876.5,13985.5,14278.5,11.90445,59.52225,1.1399963220590519,2.980413538285282,0.030441202048276363,0.6609752764920478,1.1711984622616916,0.15973179060039755,15.164742079025658,0.33586500547457215,0.1547840315976271,0.20794386945317325,0.10948603693752809,1.0145835357374653,1.2689994266950926,14.582528438365019,0.226429940559841,3.369217306386035,0.5283708369692727,0.7182408045198857,0.27820187898970894,0.07595209404118433,1.1070225473114501,0.10156420996294133
v29_4-cmaes-phase3-it05-cand02,5,4,31668.75575,28872.5,13981.5,14275.5,11.76885,58.84425,1.0457184913909434,2.950092614190803,0.0350361764034463,0.6334699788034679,1.3320421623789465,0.1594683127088533,14.631057139521944,0.3406692366442564,0.1685661897496458,0.21987711813509603,0.11584976999140943,1.0130772275506417,1.1516221040157875,14.571207269342906,0.20976299668558462,2.9044780000939485,0.5134040808197597,0.741047007665831,0.29904129439256594,0.12120076381597364,1.3592846222716417,0.07148190012385224
v29_4-cmaes-phase3-it05-cand11,5,5,31662.75575,28867.5,13976.5,14270.5,11.76885,58.84425,0.9962919341806995,2.7642278679282297,0.03629711092985548,0.6481059162998195,1.22005314714911,0.1418554902380173,15.132898510376926,0.3312857818973881,0.16556162149708809,0.26585858633345416,0.10396497773546869,1.003566941879221,1.1876901868817957,14.259352001867121,0.20177425277996874,3.0433985490224584,0.6346033509919481,0.7729941281813818,0.1724942865123802,0.06435940245920706,1.1472436753287418,0.08510729431180529
v29_4-cmaes-phase3-it05-cand08,5,6,31659.95575,28863.5,13972.5,14276.5,11.76885,58.84425,1.081361749116662,3.199692635742282,0.033581457616371234,0.6592326160233766,1.1536792371223907,0.15202606671747756,14.156069152990417,0.33799961600255973,0.17750116072933633,0.3091999823904683,0.09462864698071781,1.0255192387455057,1.1796985139641314,13.496828548181423,0.2046642424449202,2.6318347648655482,0.4935870932798963,0.7830648073215292,0.22126034198882208,0.08283561186587271,1.3819960473537836,0.0744540669760317
v29_4-cmaes-phase3-it05-cand00,5,7,31626.87775,28834.5,13943.5,14259.5,11.90445,59.52225,1.1298409840693253,2.4639633454428345,0.03205564989800278,0.6358289403824111,1.2174019283584037,0.15304220102781174,15.357543715889191,0.31122783102051904,0.1639125253222339,0.22931274461421408,0.12617408178653677,1.0190323347336765,1.0439003273525302,13.95676496162498,0.2695524390456994,3.6188049039793344,0.4488764397086836,0.8579001582730689,0.24229094046692726,0.11036492385533411,1.312128921308105,0.10891912828264141
v29_4-cmaes-phase3-it05-cand03,5,8,31621.67775,28829.5,13938.5,14258.5,11.90445,59.52225,1.2119910059126893,3.0690647719296047,0.03851090530987916,0.6057101548025905,1.2000951170646323,0.12754471017784894,15.401353774990715,0.34173806375109944,0.1715614772127599,0.2,0.1451832821915907,1.0219694654589049,1.1316182885933572,14.695846789158642,0.22642885660766837,2.849999784310308,0.4806671462841403,0.8105788767196422,0.2865982648621148,0.07230749677524824,1.0006120284539366,0.08812512309248571
v29_4-cmaes-phase3-it05-cand10,5,9,31617.03625,28819.5,13928.5,14289.5,12.07275,60.363749999999996,1.1566222657488754,3.2090507752773574,0.03555152550337852,0.6627010630924051,1.2871883524318006,0.14081656218159194,14.916035401108209,0.34075679565893136,0.17240861132560392,0.2002399487225697,0.15741942139394816,1.051811460672849,1.1602071614559042,17.151499865005455,0.211756858492955,3.2214512948716942,0.5704655715069351,0.6986418552609784,0.28053335626903003,0.10839821275383188,1.0361073114683477,0.08163340891857032
v29_4-cmaes-phase3-it05-cand09,5,10,31511.558500000003,28702.5,13811.5,14324.5,11.1683,55.8415,1.161452410772991,3.142802156690215,0.034499663015710315,0.6265964092997862,1.1257027637201489,0.1269644607220277,15.314038035283,0.3834181092456387,0.17575727943231434,0.2,0.1467383885124411,1.0228477433692689,1.2506161514331418,13.454194616043951,0.20204214937675613,3.4199113094510487,0.5772553232028181,0.7789353165479624,0.3156435572777133,0.09439889268828186,1.088826905265468,0.06724938165279834
v29_4-cmaes-phase3-it05-cand07,5,11,31354.26775,28563.0,13672.0,14245.0,11.54645,57.73225,0.9467687472038315,2.8716563097070105,0.03458068060174302,0.6567626795735985,1.1762802993854782,0.14821835157544114,15.129861460235015,0.3426472964768176,0.17098630478373408,0.2510390365186736,0.15967326561049308,1.0370366516283203,1.2015146880388403,14.232139385107681,0.18374343651632571,3.1017699091051485,0.6277815595466545,0.7682252628426963,0.22101126100509622,0.08830907644098192,1.363878780792629,0.08579301339609176
v29_4-cmaes-phase3-it05-cand04,5,12,31327.2765,28533.0,13642.0,14264.0,11.704699999999999,58.5235,0.9643248591702506,2.9895649920687233,0.03388340390900491,0.6607771336177285,1.3392134434538103,0.1563219590644183,14.815203599751282,0.33946351273787806,0.15880653301768155,0.24542614201207621,0.1617167749807426,1.0149488300241154,1.1717619821224983,14.35509889752082,0.1743944098456181,3.806142129765726,0.5348241195800733,0.8363890696851596,0.25594363345684057,0.07263865132184552,0.9827666655673547,0.07191201073911814
v29_4-cmaes-phase3-it06-cand02,6,1,31879.10625,29047.5,14156.5,14454.5,11.85875,59.29375,1.1877735493002537,3.1326189388994954,0.033086945878327355,0.6217552691796575,1.2542568869226536,0.14622159855696057,14.97314460264186,0.3397784746576281,0.17903940667604312,0.2060583438948857,0.1084345018506157,1.0177193059182352,1.2004175787399094,14.539768756269861,0.14027874428627807,2.8455472431893765,0.49754994067089453,0.8030625526346717,0.21637268140653373,0.08069231045944451,0.9630847163867015,0.08149663110365471
v29_4-cmaes-phase3-it06-cand05,6,2,31788.935,28969.5,14078.5,14367.5,10.812999999999999,54.065,1.0365463687470555,2.884282544850914,0.037430860280293,0.657061169892963,1.2549207758892233,0.16562542839331457,14.906883791785685,0.3405731153033371,0.167495288572176,0.2,0.1440970754046273,1.0493843546468131,1.113201570688268,12.446203564383364,0.1853067237605315,2.951807641813296,0.4826180008373321,0.8086311378338492,0.20161158270955673,0.06808962305850187,1.334761165005758,0.07381647499793978
v29_4-cmaes-phase3-it06-cand04,6,3,31713.358,28899.0,14008.0,14349.0,11.0884,55.442,1.039702732471904,2.95798041339302,0.032625705359506714,0.6368145227942734,1.322282353153874,0.1555032730710617,14.80082857451177,0.3583628021729179,0.1618870124686463,0.2261533506955095,0.12267265439498222,1.0112049077289678,1.1883672712091329,13.388954786231137,0.20379973742881274,2.792978269902335,0.46926229666980646,0.7696374900745158,0.3073507309159637,0.07782768295578753,0.954408623042345,0.06431857516955995
v29_4-cmaes-phase3-it06-cand01,6,4,31693.255,28882.0,13991.0,14339.0,11.309,56.544999999999995,0.9948644673832951,3.029686837221321,0.03724523336964161,0.6620053883869832,1.33326996726262,0.1576243777952253,14.878647864979662,0.3350736252192259,0.1678757403831086,0.2,0.1286240334371416,0.9885825197764451,1.23047034813482,13.316962918162853,0.24389934260557392,3.3749496724578174,0.6006997336175721,0.8507057377185834,0.259294456545387,0.0672547239592921,1.2329296229817757,0.07507234546161243
v29_4-cmaes-phase3-it06-cand06,6,5,31672.15575,28875.5,13984.5,14277.5,11.76885,58.84425,1.0108347787309766,2.768108765779496,0.035300113353797895,0.625282593698767,1.1643770652248964,0.157502681376975,15.102842372135315,0.3142948864540932,0.14254575765232344,0.2694423214419993,0.11623401359813125,1.0132353567621937,1.146016888106709,14.884891679412677,0.20149316371240805,3.810953596521192,0.5755816383901524,0.7350677668126545,0.209589505770758,0.07862150630009737,1.1956184775095504,0.07126628910650135
v29_4-cmaes-phase3-it06-cand10,6,6,31661.277749999997,28865.5,13974.5,14276.5,11.90445,59.52225,1.1279135533314097,2.8728527089959686,0.03499822629077018,0.6341348112752304,1.2948694763704118,0.14507529178177958,14.75854254413522,0.3358740295392595,0.15459436303105548,0.23350961716785262,0.1137878415042615,0.9881789819080207,1.1296834463160639,14.41679532523133,0.20908418964313796,3.3284993933615294,0.43465519575147865,0.7563217678822196,0.1837046021247022,0.10235617929497409,0.9479989588136841,0.06370578481222125
v29_4-cmaes-phase3-it06-cand00,6,7,31659.863,28864.0,13973.0,14265.0,11.427399999999999,57.13699999999999,1.083981970680867,2.915191151743559,0.03656789835542469,0.6272977256873948,1.1722774996935108,0.1279171337148861,15.054803688535225,0.3310301331379035,0.15051417380685608,0.2440426946066731,0.13850354438374343,1.0285036651196933,1.1978036994280254,15.489527894540052,0.2056880119502925,4.275807376465543,0.5401516139229288,0.8915141953946797,0.2737956379366808,0.04444961794610157,1.112460525393805,0.08971246480294155
v29_4-cmaes-phase3-it06-cand08,6,8,31651.555750000003,28857.5,13966.5,14264.5,11.76885,58.84425,1.0501737120377694,3.057380045256139,0.03154388836681989,0.6657497293826987,1.3297725984216042,0.15450646267084436,14.873259553355798,0.32112215277654954,0.1687777859102569,0.24465004388330802,0.10177592445590675,1.031938516381982,1.17664945214681,13.885820709181933,0.22067454063312006,3.9568842774804827,0.5127908417667857,0.6891916896011178,0.326214617909427,0.08780970041968315,1.3657239895775168,0.0736449040349458
v29_4-cmaes-phase3-it06-cand11,6,9,31634.95575,28841.5,13950.5,14261.5,11.76885,58.84425,1.093132205900105,3.0139209333360792,0.03482933943748357,0.6229590224832033,1.2034565846578669,0.15391173290284346,15.149086568453871,0.3418671632861053,0.17312905185684982,0.2166943870119101,0.1163372750318726,0.9973720158045573,1.1440386370744957,13.689285788451462,0.20781420792264102,2.959444198245538,0.576463753850343,0.6888103201911909,0.2927969255970512,0.0795315944420994,1.1852912882546753,0.08966650708243445
v29_4-cmaes-phase3-it06-cand09,6,10,31626.71275,28831.0,14004.0,14264.0,11.417449999999999,57.08725,1.102026908263813,2.8927778310028858,0.025989346296995605,0.6457701859811783,1.2019824721470105,0.1381826078089974,14.597400171556647,0.3498126525099701,0.14785686860575542,0.21415674941541146,0.14888634971324047,1.034506912794666,1.0584309193971033,15.641316997547428,0.19610428225853624,3.3558305344105204,0.5864242698301578,0.8214030384492105,0.2576974527145051,0.10266992185444669,1.1710392614049376,0.07282356791477443
v29_4-cmaes-phase3-it06-cand03,6,11,31604.166999999998,28793.0,13902.0,14339.0,11.3266,56.632999999999996,0.9704330849065479,2.813545251316976,0.0324576628466238,0.6504174890358765,1.1738351248703598,0.17389303509936666,15.386185822988914,0.3303283759519248,0.17298040298308548,0.21056970486248422,0.1222440782329599,1.0028835444589659,1.2241341839982118,13.729752149660793,0.21763187535370504,2.751866311956114,0.4576093522593389,0.7998374268276979,0.2623314322248177,0.11157237947414986,1.3694969712192533,0.07408723713215572
v29_4-cmaes-phase3-it06-cand07,6,12,31480.50875,28674.5,13783.5,14310.0,11.19825,55.99125,1.0097494564845106,2.9048226096720065,0.03827722473575349,0.6313599188147252,1.266865463343498,0.14155304185809217,14.670010460227875,0.3362236110812615,0.17048286534099544,0.21516573790651244,0.11450093681266836,1.0374105384401184,1.1499133835428446,11.698481476219861,0.21796926839161604,3.5445435390758178,0.5556452072631332,0.7479920678257892,0.2674813648317785,0.07565701305135045,1.2903994727807204,0.09390745513221038
v29_4-cmaes-phase3-it07-cand06,7,1,31780.58075,28983.0,14156.0,14265.0,11.08385,55.41925,1.0501238796665098,3.2690212475057163,0.026251187511117394,0.6261184323825355,1.3592403135232236,0.13907239237049393,15.036177184355969,0.3357245520446944,0.16470610504673203,0.24427504814892967,0.14068339907481253,1.0141594657988706,1.1126035791588416,15.057126718190254,0.20763891382361807,2.991104506618501,0.5434502269911172,0.7511287403796787,0.209972782248132,0.06666366991122627,1.1783580608608273,0.09139914268690996
v29_4-cmaes-phase3-it07-cand03,7,2,31773.993000000002,28955.5,14064.5,14369.5,11.0814,55.407000000000004,1.0348751999313066,3.0530857758467573,0.03547342809072405,0.630235707113041,1.212674380205606,0.1390004717465712,14.54277447507427,0.3362600650923074,0.17345558569965058,0.21941342142290815,0.11140765513025412,1.017177333985439,1.2748277208964305,14.171538572441651,0.21240586867538003,3.1315503715538986,0.5602797287215547,0.7234809330182006,0.2204336121634791,0.036653172153074204,1.022794270698658,0.06431942734092377
v29_4-cmaes-phase3-it07-cand11,7,3,31665.75575,28869.5,13978.5,14275.5,11.76885,58.84425,1.1245519700464501,3.0080271920068427,0.03585897610674209,0.6138513083709125,1.3182086947003877,0.16282983261940026,14.931450502191668,0.35029192659959635,0.16615345039438573,0.2604155526110116,0.10652733004283275,1.004211645742553,1.1429208555598156,14.07026781688224,0.19462312988573474,3.5206234182050924,0.5643718999900629,0.7152770643059794,0.3417005614639046,0.08463894662400026,1.1809483414760302,0.06278366138986616
v29_4-cmaes-phase3-it07-cand10,7,4,31653.863,28859.0,13968.0,14260.0,11.427399999999999,57.13699999999999,1.0175138029829427,2.8040788247193977,0.03677883297006422,0.6427610773222204,1.084840449939232,0.15611367909465665,14.947705299357429,0.3267553772503832,0.16853583046127937,0.22770557703714062,0.12661806508563145,1.0398117383443726,1.0810238186709766,14.93163320592302,0.16587370297499907,3.4149867470494057,0.5077165281889157,0.8146871547394472,0.27154995928408243,0.09758147081146937,1.2038249036037976,0.0884498798135199
v29_4-cmaes-phase3-it07-cand01,7,5,31651.75575,28857.5,13966.5,14265.5,11.76885,58.84425,1.0993627733304743,2.954454751741958,0.03536151473654663,0.634408733120296,1.2414439650998865,0.13866682056044458,15.63756621107672,0.31626392770954254,0.17568417234581182,0.2,0.12783527408534331,1.0381739844495816,1.1602194505298105,14.499924609206264,0.20966395950767075,3.367535966111155,0.5045023469741772,0.740699381542951,0.269348455135571,0.05599009279858118,1.1398586691981363,0.09460798642953556
v29_4-cmaes-phase3-it07-cand04,7,6,31647.75575,28852.5,13961.5,14270.5,11.76885,58.84425,1.1071766279214643,2.9497797657429805,0.034029875752704636,0.654062200744166,1.306396914398739,0.15823056433680796,14.544682507982726,0.3320160344143826,0.1741840269361194,0.2227490350046678,0.10787255445808015,1.008654621657423,1.1175673170889873,13.877004778365647,0.16565982317631922,3.317690974825889,0.49429353230901196,0.71415232085905,0.22308105917228574,0.07138866600735258,1.0712099056017546,0.06103914637588635
v29_4-cmaes-phase3-it07-cand02,7,7,31623.75575,28827.5,13968.5,14275.5,11.76885,58.84425,1.1095020923051404,3.0967112453488697,0.03144910474345728,0.6068493184981274,1.2618245570412292,0.13992499343259007,15.16420678174684,0.32865683118728245,0.16212147775202976,0.2269363881904865,0.11353023104179194,1.0082849434716006,1.2018356949075968,14.03274263011775,0.2078481822865031,3.349713955932356,0.5477438802544788,0.8019751384738628,0.24246481292609318,0.06718871997332884,0.9732627425165757,0.08675306511249134
v29_4-cmaes-phase3-it07-cand08,7,8,31608.09625,28817.5,13926.5,14242.5,11.58075,57.90375,1.1333843616584944,3.024194199600867,0.03430121188296053,0.6606850461903618,1.2655037871971224,0.1363868323247017,15.094339001906965,0.3417573055057831,0.17194461650339307,0.20561473819650095,0.09916849636965105,1.028215258006013,1.0675608573884998,12.260412904921363,0.21460290476446803,3.0608908889174002,0.5779143957641212,0.7977816589869555,0.28196124567341463,0.09419401922464261,1.3220550480929685,0.0552691872357294
v29_4-cmaes-phase3-it07-cand00,7,9,31584.203500000003,28792.0,13933.0,14242.0,11.2393,56.1965,1.1159201765470192,3.1018288658714672,0.03313478113921333,0.6075476748764985,1.220091632684915,0.1473126466098747,15.152979345363645,0.3663227070666077,0.15619341663092484,0.2,0.11294835872556785,1.048186340757233,1.226940961395585,13.53891530453334,0.19306370780503168,2.999489851793619,0.586751999447423,0.700320665390481,0.2728842376787053,0.09396515289668128,1.0463721082683746,0.08515522958708348
v29_4-cmaes-phase3-it07-cand09,7,10,31575.75575,28780.5,13953.5,14270.5,11.76885,58.84425,1.1189857086492287,3.051904860446655,0.027567514566966073,0.6191842703881162,1.2572131962912605,0.1537810086654668,14.531951780015119,0.3136721213653012,0.16558995970539198,0.2,0.11549249650516208,1.0108950957843552,1.2255346689950268,13.765919823664497,0.15123594340586605,3.121777150053771,0.5172599227219749,0.804199586336106,0.24841189319071783,0.08771541372703671,1.5207431103203342,0.062359592848769296
v29_4-cmaes-phase3-it07-cand05,7,11,31521.6905,28727.5,13836.5,14257.5,11.4619,57.3095,0.977837961247453,2.682199980280645,0.034034502156595474,0.6250068649432657,1.222888009694566,0.14722529531643058,15.3452989887382,0.3334509491788346,0.1742190685275948,0.2,0.1205013880559193,1.0100268941200292,1.161929625799083,14.37491419397407,0.1384702189595587,3.6640000806577353,0.5836344209254699,0.7993555210677025,0.2745268929253999,0.09915002564813755,1.3258552625004751,0.06619951938591108
v29_4-cmaes-phase3-it07-cand07,7,12,31481.286750000003,28673.5,13782.5,14327.0,11.522649999999999,57.613249999999994,0.9008699208687483,3.179528018580449,0.03536378352447401,0.6747358910973816,1.1458666005800515,0.1448550471212489,14.831038298653258,0.3499101291157588,0.17463742715368874,0.2,0.1422109929921816,1.0163484291533813,1.1908408271030195,14.612444722957505,0.20629570055818272,3.783402459110676,0.5305266636307321,0.6776121605884516,0.21621112689186645,0.08299022944887444,0.9597968966676375,0.07129237176709942
