label,family,score,day_neg1_total,day_neg2_total,avg_total,delta_day_neg1,delta_day_neg2,delta_avg_total,day_neg1_tomatoes,day_neg2_tomatoes,day_neg1_emeralds,day_neg2_emeralds,BOOK_ACTIVITY_FLOOR,BOOK_STEP_WEIGHT,BOOK_DEPLETION_WEIGHT,MICRO_DRIFT_WEIGHT,PRESSURE_BIAS_SCALE,BREAKOUT_FOLLOW_SCALE,BREAKOUT_QUOTE_TIGHTEN,BREAKOUT_HOLD_BONUS
coord_breakout_follow_scale_down,coordinate,14783.1,14868.0,14726.5,14797.25,0.0,106.0,53.0,7345.0,7787.5,7523.0,6939.0,0.6,0.85,0.65,0.55,0.22,0.145,0.18,0.12
coord_breakout_hold_bonus_down,coordinate,14783.1,14868.0,14726.5,14797.25,0.0,106.0,53.0,7345.0,7787.5,7523.0,6939.0,0.6,0.85,0.65,0.55,0.22,0.18,0.18,0.09
random_004,random,14783.1,14868.0,14726.5,14797.25,0.0,106.0,53.0,7345.0,7787.5,7523.0,6939.0,0.65147839,0.86519435,0.67874424,0.56270591,0.1608788,0.1818422,0.15224482,0.11479172
random_012,random,14783.1,14868.0,14726.5,14797.25,0.0,106.0,53.0,7345.0,7787.5,7523.0,6939.0,0.65071601,0.89676504,0.72474847,0.5831682,0.20663967,0.18341499,0.20861278,0.07715848
random_013,random,14783.1,14868.0,14726.5,14797.25,0.0,106.0,53.0,7345.0,7787.5,7523.0,6939.0,0.65468433,0.89013559,0.5680354,0.62028942,0.20192353,0.11668695,0.15851371,0.120903
random_016,random,14783.1,14868.0,14726.5,14797.25,0.0,106.0,53.0,7345.0,7787.5,7523.0,6939.0,0.62585252,0.86792443,0.52139302,0.57530502,0.16176365,0.14749994,0.12351609,0.13263575
random_031,random,14783.1,14868.0,14726.5,14797.25,0.0,106.0,53.0,7345.0,7787.5,7523.0,6939.0,0.548924,0.80822382,0.67806288,0.57605752,0.18428141,0.1980012,0.13258834,0.0940093
coord_book_activity_floor_up,coordinate,14719.5,14868.0,14620.5,14744.25,0.0,0.0,0.0,7345.0,7681.5,7523.0,6939.0,0.69,0.85,0.65,0.55,0.22,0.18,0.18,0.12
coord_book_step_weight_down,coordinate,14719.5,14868.0,14620.5,14744.25,0.0,0.0,0.0,7345.0,7681.5,7523.0,6939.0,0.6,0.725,0.65,0.55,0.22,0.18,0.18,0.12
coord_book_depletion_weight_down,coordinate,14719.5,14868.0,14620.5,14744.25,0.0,0.0,0.0,7345.0,7681.5,7523.0,6939.0,0.6,0.85,0.54,0.55,0.22,0.18,0.18,0.12
coord_micro_drift_weight_down,coordinate,14719.5,14868.0,14620.5,14744.25,0.0,0.0,0.0,7345.0,7681.5,7523.0,6939.0,0.6,0.85,0.65,0.46,0.22,0.18,0.18,0.12
coord_micro_drift_weight_up,coordinate,14719.5,14868.0,14620.5,14744.25,0.0,0.0,0.0,7345.0,7681.5,7523.0,6939.0,0.6,0.85,0.65,0.64,0.22,0.18,0.18,0.12
coord_pressure_bias_scale_down,coordinate,14719.5,14868.0,14620.5,14744.25,0.0,0.0,0.0,7345.0,7681.5,7523.0,6939.0,0.6,0.85,0.65,0.55,0.18,0.18,0.18,0.12
coord_pressure_bias_scale_up,coordinate,14719.5,14868.0,14620.5,14744.25,0.0,0.0,0.0,7345.0,7681.5,7523.0,6939.0,0.6,0.85,0.65,0.55,0.26,0.18,0.18,0.12
coord_breakout_follow_scale_up,coordinate,14719.5,14868.0,14620.5,14744.25,0.0,0.0,0.0,7345.0,7681.5,7523.0,6939.0,0.6,0.85,0.65,0.55,0.22,0.215,0.18,0.12
coord_breakout_quote_tighten_down,coordinate,14719.5,14868.0,14620.5,14744.25,0.0,0.0,0.0,7345.0,7681.5,7523.0,6939.0,0.6,0.85,0.65,0.55,0.22,0.18,0.14,0.12
coord_breakout_quote_tighten_up,coordinate,14719.5,14868.0,14620.5,14744.25,0.0,0.0,0.0,7345.0,7681.5,7523.0,6939.0,0.6,0.85,0.65,0.55,0.22,0.18,0.22,0.12
coord_breakout_hold_bonus_up,coordinate,14719.5,14868.0,14620.5,14744.25,0.0,0.0,0.0,7345.0,7681.5,7523.0,6939.0,0.6,0.85,0.65,0.55,0.22,0.18,0.18,0.15
random_006,random,14719.5,14868.0,14620.5,14744.25,0.0,0.0,0.0,7345.0,7681.5,7523.0,6939.0,0.65614765,0.90166761,0.72459227,0.48884475,0.23592661,0.19279536,0.18085012,0.14121943
random_017,random,14719.5,14868.0,14620.5,14744.25,0.0,0.0,0.0,7345.0,7681.5,7523.0,6939.0,0.66697868,0.87254893,0.52201391,0.58884115,0.18724911,0.19338066,0.19304786,0.14247678
random_018,random,14719.5,14868.0,14620.5,14744.25,0.0,0.0,0.0,7345.0,7681.5,7523.0,6939.0,0.52354042,0.77074016,0.60578306,0.44042328,0.25000505,0.18811317,0.13687727,0.11866282
random_023,random,14719.5,14868.0,14620.5,14744.25,0.0,0.0,0.0,7345.0,7681.5,7523.0,6939.0,0.54911105,0.8448423,0.55410737,0.46920336,0.18154257,0.18974126,0.20415832,0.12413827
random_025,random,14719.5,14868.0,14620.5,14744.25,0.0,0.0,0.0,7345.0,7681.5,7523.0,6939.0,0.60852219,0.77436333,0.64782885,0.50575421,0.24087257,0.17242051,0.20383373,0.12542429
random_026,random,14719.5,14868.0,14620.5,14744.25,0.0,0.0,0.0,7345.0,7681.5,7523.0,6939.0,0.62546377,0.87576129,0.66823742,0.43371877,0.24058124,0.18757508,0.15354397,0.11981764
random_027,random,14719.5,14868.0,14620.5,14744.25,0.0,0.0,0.0,7345.0,7681.5,7523.0,6939.0,0.6682562,0.88582063,0.66120847,0.55539458,0.16978999,0.1797472,0.17443622,0.12802773
random_032,random,14719.5,14868.0,14620.5,14744.25,0.0,0.0,0.0,7345.0,7681.5,7523.0,6939.0,0.56286409,0.75840184,0.64003638,0.52095236,0.23640163,0.1994535,0.19939366,0.1386082
random_022,random,14716.0,14866.0,14620.5,14743.25,-2.0,0.0,-1.0,7343.0,7681.5,7523.0,6939.0,0.51937146,0.84863413,0.63869844,0.49615468,0.18579917,0.19763072,0.18652941,0.13044576
coord_book_activity_floor_down,coordinate,14707.25,14861.0,14620.5,14740.75,-7.0,0.0,-3.5,7338.0,7681.5,7523.0,6939.0,0.51,0.85,0.65,0.55,0.22,0.18,0.18,0.12
random_009,random,14707.25,14861.0,14620.5,14740.75,-7.0,0.0,-3.5,7338.0,7681.5,7523.0,6939.0,0.48448532,0.7397719,0.65126126,0.49602799,0.22239832,0.17815767,0.18590467,0.12256289
random_014,random,14707.25,14861.0,14620.5,14740.75,-7.0,0.0,-3.5,7338.0,7681.5,7523.0,6939.0,0.46243722,0.8719717,0.63744317,0.51683984,0.23834914,0.18784561,0.21115956,0.13913145
random_019,random,14707.25,14861.0,14620.5,14740.75,-7.0,0.0,-3.5,7338.0,7681.5,7523.0,6939.0,0.49999368,0.94706472,0.6165588,0.38284474,0.23733972,0.16691741,0.1911822,0.13505426
coord_book_step_weight_up,coordinate,14619.75,14811.0,14620.5,14715.75,-57.0,0.0,-28.5,7288.0,7681.5,7523.0,6939.0,0.6,0.975,0.65,0.55,0.22,0.18,0.18,0.12
random_003,random,14619.75,14811.0,14620.5,14715.75,-57.0,0.0,-28.5,7288.0,7681.5,7523.0,6939.0,0.66936544,0.94843507,0.71487453,0.44680223,0.17101538,0.16318028,0.16798655,0.13124367
random_015,random,14619.75,14811.0,14620.5,14715.75,-57.0,0.0,-28.5,7288.0,7681.5,7523.0,6939.0,0.65608794,0.94151437,0.71683521,0.54758899,0.16959602,0.17619231,0.18905449,0.14354533
random_021,random,14619.75,14811.0,14620.5,14715.75,-57.0,0.0,-28.5,7288.0,7681.5,7523.0,6939.0,0.64797535,0.94396684,0.71400773,0.56393598,0.21674313,0.18248011,0.1902274,0.1438579
random_005,random,14613.15,14775.0,14714.5,14744.75,-93.0,94.0,0.5,7252.0,7775.5,7523.0,6939.0,0.44385804,0.88630872,0.72683261,0.43667823,0.22616759,0.12516952,0.16711166,0.09386529
random_020,random,14556.75,14775.0,14620.5,14697.75,-93.0,0.0,-46.5,7252.0,7681.5,7523.0,6939.0,0.48963589,0.86134039,0.73327893,0.49139121,0.19649963,0.19127042,0.1271952,0.13682993
random_001,random,14452.6,14684.0,14726.5,14705.25,-184.0,106.0,-39.0,7161.0,7787.5,7523.0,6939.0,0.63022344,0.7070062,0.67454984,0.60357314,0.24335494,0.18104346,0.18987372,0.11156021
random_002,random,14452.6,14684.0,14726.5,14705.25,-184.0,106.0,-39.0,7161.0,7787.5,7523.0,6939.0,0.60497461,0.71611238,0.68711778,0.56728991,0.20007191,0.17090988,0.19706948,0.11653245
random_030,random,14452.6,14684.0,14726.5,14705.25,-184.0,106.0,-39.0,7161.0,7787.5,7523.0,6939.0,0.65729656,0.88592604,0.49195365,0.50350733,0.24295245,0.12999676,0.17986826,0.13571752
random_011,random,14447.8,14684.0,14714.5,14699.25,-184.0,94.0,-45.0,7161.0,7775.5,7523.0,6939.0,0.61107167,0.68215399,0.70015697,0.53126535,0.20363603,0.15365141,0.21124341,0.07830876
coord_book_depletion_weight_up,coordinate,14397.5,14684.0,14620.5,14652.25,-184.0,0.0,-92.0,7161.0,7681.5,7523.0,6939.0,0.6,0.85,0.76,0.55,0.22,0.18,0.18,0.12
random_007,random,14397.5,14684.0,14620.5,14652.25,-184.0,0.0,-92.0,7161.0,7681.5,7523.0,6939.0,0.62123424,0.78801865,0.69346648,0.54659033,0.19221893,0.1878106,0.12486091,0.11686193
random_008,random,14397.5,14684.0,14620.5,14652.25,-184.0,0.0,-92.0,7161.0,7681.5,7523.0,6939.0,0.6099433,0.61781213,0.68056252,0.44559859,0.23119609,0.16781931,0.11941639,0.14482438
random_010,random,14397.5,14684.0,14620.5,14652.25,-184.0,0.0,-92.0,7161.0,7681.5,7523.0,6939.0,0.55807982,0.76257981,0.68929151,0.53672745,0.22162577,0.20474136,0.11042119,0.1046864
random_024,random,14397.5,14684.0,14620.5,14652.25,-184.0,0.0,-92.0,7161.0,7681.5,7523.0,6939.0,0.64483248,0.69917419,0.65398227,0.46508849,0.22195823,0.15938789,0.15699588,0.14133036
random_028,random,14397.5,14684.0,14620.5,14652.25,-184.0,0.0,-92.0,7161.0,7681.5,7523.0,6939.0,0.57317456,0.73420263,0.71669082,0.49689713,0.19372322,0.17532543,0.20991542,0.13096277
random_029,random,14397.5,14684.0,14620.5,14652.25,-184.0,0.0,-92.0,7161.0,7681.5,7523.0,6939.0,0.51573654,0.70927483,0.65009337,0.43329492,0.19394985,0.14332241,0.20517117,0.13984802
