label,run_id,total,emeralds,tomatoes,trades,params_json
v40_state_11,v40-state-sweep-15,15486.0,7723.0,7763.0,682,"{""BAD_FILL_QUOTE_PENALTY"": 0.06, ""BAD_FILL_TAKE_PENALTY"": 0.2, ""CALM_JOIN_IMPROVEMENT"": 1.0, ""CALM_QUOTE_EDGE_MULT"": 0.94, ""FAST_QUOTE_EDGE_MULT"": 1.02, ""FAST_TAKE_EDGE_BONUS"": 0.12, ""FAST_TARGET_BONUS"": 4.0, ""GOOD_FILL_TAKE_BONUS"": 0.04, ""INVENTORY_EDGE_PRESSURE"": 0.42, ""INVENTORY_SIZE_PRESSURE"": 0.35}"
feedback_lighter,v40-state-sweep-04,15462.0,7723.0,7739.0,688,"{""BAD_FILL_QUOTE_PENALTY"": 0.06, ""BAD_FILL_TAKE_PENALTY"": 0.08, ""CALM_JOIN_IMPROVEMENT"": 2.0, ""CALM_QUOTE_EDGE_MULT"": 0.91, ""FAST_QUOTE_EDGE_MULT"": 1.02, ""FAST_TAKE_EDGE_BONUS"": 0.16, ""FAST_TARGET_BONUS"": 2.0, ""GOOD_FILL_TAKE_BONUS"": 0.1, ""INVENTORY_EDGE_PRESSURE"": 0.42, ""INVENTORY_SIZE_PRESSURE"": 0.35}"
v40_state_12,v40-state-sweep-16,15458.0,7723.0,7735.0,681,"{""BAD_FILL_QUOTE_PENALTY"": 0.12, ""BAD_FILL_TAKE_PENALTY"": 0.08, ""CALM_JOIN_IMPROVEMENT"": 1.0, ""CALM_QUOTE_EDGE_MULT"": 0.94, ""FAST_QUOTE_EDGE_MULT"": 1.05, ""FAST_TAKE_EDGE_BONUS"": 0.12, ""FAST_TARGET_BONUS"": 4.0, ""GOOD_FILL_TAKE_BONUS"": 0.04, ""INVENTORY_EDGE_PRESSURE"": 0.42, ""INVENTORY_SIZE_PRESSURE"": 0.2}"
v40_state_22,v40-state-sweep-26,15456.0,7723.0,7733.0,682,"{""BAD_FILL_QUOTE_PENALTY"": 0.18, ""BAD_FILL_TAKE_PENALTY"": 0.2, ""CALM_JOIN_IMPROVEMENT"": 3.0, ""CALM_QUOTE_EDGE_MULT"": 0.89, ""FAST_QUOTE_EDGE_MULT"": 1.02, ""FAST_TAKE_EDGE_BONUS"": 0.12, ""FAST_TARGET_BONUS"": 4.0, ""GOOD_FILL_TAKE_BONUS"": 0.04, ""INVENTORY_EDGE_PRESSURE"": 0.42, ""INVENTORY_SIZE_PRESSURE"": 0.35}"
baseline_v40_3,v40-state-sweep-01,15432.0,7723.0,7709.0,688,"{""BAD_FILL_QUOTE_PENALTY"": 0.12, ""BAD_FILL_TAKE_PENALTY"": 0.14, ""CALM_JOIN_IMPROVEMENT"": 2.0, ""CALM_QUOTE_EDGE_MULT"": 0.91, ""FAST_QUOTE_EDGE_MULT"": 1.02, ""FAST_TAKE_EDGE_BONUS"": 0.16, ""FAST_TARGET_BONUS"": 3.0, ""GOOD_FILL_TAKE_BONUS"": 0.08, ""INVENTORY_EDGE_PRESSURE"": 0.42, ""INVENTORY_SIZE_PRESSURE"": 0.35}"
lighter_fast_widening,v40-state-sweep-02,15432.0,7723.0,7709.0,688,"{""BAD_FILL_QUOTE_PENALTY"": 0.08, ""BAD_FILL_TAKE_PENALTY"": 0.1, ""CALM_JOIN_IMPROVEMENT"": 2.0, ""CALM_QUOTE_EDGE_MULT"": 0.91, ""FAST_QUOTE_EDGE_MULT"": 1.0, ""FAST_TAKE_EDGE_BONUS"": 0.18, ""FAST_TARGET_BONUS"": 3.0, ""GOOD_FILL_TAKE_BONUS"": 0.08, ""INVENTORY_EDGE_PRESSURE"": 0.42, ""INVENTORY_SIZE_PRESSURE"": 0.35}"
v40_state_16,v40-state-sweep-20,15432.0,7723.0,7709.0,688,"{""BAD_FILL_QUOTE_PENALTY"": 0.06, ""BAD_FILL_TAKE_PENALTY"": 0.14, ""CALM_JOIN_IMPROVEMENT"": 2.0, ""CALM_QUOTE_EDGE_MULT"": 0.89, ""FAST_QUOTE_EDGE_MULT"": 1.02, ""FAST_TAKE_EDGE_BONUS"": 0.2, ""FAST_TARGET_BONUS"": 2.0, ""GOOD_FILL_TAKE_BONUS"": 0.08, ""INVENTORY_EDGE_PRESSURE"": 0.3, ""INVENTORY_SIZE_PRESSURE"": 0.35}"
v40_state_02,v40-state-sweep-06,15428.0,7723.0,7705.0,682,"{""BAD_FILL_QUOTE_PENALTY"": 0.12, ""BAD_FILL_TAKE_PENALTY"": 0.14, ""CALM_JOIN_IMPROVEMENT"": 1.0, ""CALM_QUOTE_EDGE_MULT"": 0.89, ""FAST_QUOTE_EDGE_MULT"": 1.05, ""FAST_TAKE_EDGE_BONUS"": 0.12, ""FAST_TARGET_BONUS"": 3.0, ""GOOD_FILL_TAKE_BONUS"": 0.04, ""INVENTORY_EDGE_PRESSURE"": 0.3, ""INVENTORY_SIZE_PRESSURE"": 0.3}"
v40_state_03,v40-state-sweep-07,15428.0,7723.0,7705.0,682,"{""BAD_FILL_QUOTE_PENALTY"": 0.12, ""BAD_FILL_TAKE_PENALTY"": 0.2, ""CALM_JOIN_IMPROVEMENT"": 1.0, ""CALM_QUOTE_EDGE_MULT"": 0.89, ""FAST_QUOTE_EDGE_MULT"": 1.05, ""FAST_TAKE_EDGE_BONUS"": 0.16, ""FAST_TARGET_BONUS"": 2.0, ""GOOD_FILL_TAKE_BONUS"": 0.04, ""INVENTORY_EDGE_PRESSURE"": 0.3, ""INVENTORY_SIZE_PRESSURE"": 0.3}"
v40_state_05,v40-state-sweep-09,15428.0,7723.0,7705.0,682,"{""BAD_FILL_QUOTE_PENALTY"": 0.06, ""BAD_FILL_TAKE_PENALTY"": 0.2, ""CALM_JOIN_IMPROVEMENT"": 1.0, ""CALM_QUOTE_EDGE_MULT"": 0.91, ""FAST_QUOTE_EDGE_MULT"": 1.0, ""FAST_TAKE_EDGE_BONUS"": 0.12, ""FAST_TARGET_BONUS"": 2.0, ""GOOD_FILL_TAKE_BONUS"": 0.04, ""INVENTORY_EDGE_PRESSURE"": 0.3, ""INVENTORY_SIZE_PRESSURE"": 0.2}"
v40_state_14,v40-state-sweep-18,15428.0,7723.0,7705.0,682,"{""BAD_FILL_QUOTE_PENALTY"": 0.18, ""BAD_FILL_TAKE_PENALTY"": 0.14, ""CALM_JOIN_IMPROVEMENT"": 1.0, ""CALM_QUOTE_EDGE_MULT"": 0.94, ""FAST_QUOTE_EDGE_MULT"": 1.05, ""FAST_TAKE_EDGE_BONUS"": 0.2, ""FAST_TARGET_BONUS"": 2.0, ""GOOD_FILL_TAKE_BONUS"": 0.04, ""INVENTORY_EDGE_PRESSURE"": 0.3, ""INVENTORY_SIZE_PRESSURE"": 0.2}"
v40_state_31,v40-state-sweep-35,15428.0,7723.0,7705.0,681,"{""BAD_FILL_QUOTE_PENALTY"": 0.06, ""BAD_FILL_TAKE_PENALTY"": 0.14, ""CALM_JOIN_IMPROVEMENT"": 3.0, ""CALM_QUOTE_EDGE_MULT"": 0.91, ""FAST_QUOTE_EDGE_MULT"": 1.05, ""FAST_TAKE_EDGE_BONUS"": 0.16, ""FAST_TARGET_BONUS"": 3.0, ""GOOD_FILL_TAKE_BONUS"": 0.04, ""INVENTORY_EDGE_PRESSURE"": 0.42, ""INVENTORY_SIZE_PRESSURE"": 0.2}"
v40_state_40,v40-state-sweep-44,15428.0,7723.0,7705.0,681,"{""BAD_FILL_QUOTE_PENALTY"": 0.18, ""BAD_FILL_TAKE_PENALTY"": 0.2, ""CALM_JOIN_IMPROVEMENT"": 3.0, ""CALM_QUOTE_EDGE_MULT"": 0.94, ""FAST_QUOTE_EDGE_MULT"": 1.05, ""FAST_TAKE_EDGE_BONUS"": 0.16, ""FAST_TARGET_BONUS"": 4.0, ""GOOD_FILL_TAKE_BONUS"": 0.04, ""INVENTORY_EDGE_PRESSURE"": 0.42, ""INVENTORY_SIZE_PRESSURE"": 0.3}"
v40_state_24,v40-state-sweep-28,15417.0,7723.0,7694.0,688,"{""BAD_FILL_QUOTE_PENALTY"": 0.12, ""BAD_FILL_TAKE_PENALTY"": 0.2, ""CALM_JOIN_IMPROVEMENT"": 3.0, ""CALM_QUOTE_EDGE_MULT"": 0.89, ""FAST_QUOTE_EDGE_MULT"": 1.05, ""FAST_TAKE_EDGE_BONUS"": 0.16, ""FAST_TARGET_BONUS"": 2.0, ""GOOD_FILL_TAKE_BONUS"": 0.08, ""INVENTORY_EDGE_PRESSURE"": 0.42, ""INVENTORY_SIZE_PRESSURE"": 0.35}"
v40_state_32,v40-state-sweep-36,15417.0,7723.0,7694.0,688,"{""BAD_FILL_QUOTE_PENALTY"": 0.18, ""BAD_FILL_TAKE_PENALTY"": 0.08, ""CALM_JOIN_IMPROVEMENT"": 3.0, ""CALM_QUOTE_EDGE_MULT"": 0.94, ""FAST_QUOTE_EDGE_MULT"": 1.0, ""FAST_TAKE_EDGE_BONUS"": 0.16, ""FAST_TARGET_BONUS"": 2.0, ""GOOD_FILL_TAKE_BONUS"": 0.08, ""INVENTORY_EDGE_PRESSURE"": 0.35, ""INVENTORY_SIZE_PRESSURE"": 0.35}"
v40_state_37,v40-state-sweep-41,15417.0,7723.0,7694.0,688,"{""BAD_FILL_QUOTE_PENALTY"": 0.18, ""BAD_FILL_TAKE_PENALTY"": 0.08, ""CALM_JOIN_IMPROVEMENT"": 3.0, ""CALM_QUOTE_EDGE_MULT"": 0.94, ""FAST_QUOTE_EDGE_MULT"": 1.02, ""FAST_TAKE_EDGE_BONUS"": 0.16, ""FAST_TARGET_BONUS"": 4.0, ""GOOD_FILL_TAKE_BONUS"": 0.08, ""INVENTORY_EDGE_PRESSURE"": 0.42, ""INVENTORY_SIZE_PRESSURE"": 0.35}"
v40_state_21,v40-state-sweep-25,15413.0,7723.0,7690.0,682,"{""BAD_FILL_QUOTE_PENALTY"": 0.18, ""BAD_FILL_TAKE_PENALTY"": 0.2, ""CALM_JOIN_IMPROVEMENT"": 2.0, ""CALM_QUOTE_EDGE_MULT"": 0.94, ""FAST_QUOTE_EDGE_MULT"": 1.05, ""FAST_TAKE_EDGE_BONUS"": 0.12, ""FAST_TARGET_BONUS"": 3.0, ""GOOD_FILL_TAKE_BONUS"": 0.04, ""INVENTORY_EDGE_PRESSURE"": 0.3, ""INVENTORY_SIZE_PRESSURE"": 0.2}"
v40_state_01,v40-state-sweep-05,15411.0,7723.0,7688.0,686,"{""BAD_FILL_QUOTE_PENALTY"": 0.06, ""BAD_FILL_TAKE_PENALTY"": 0.2, ""CALM_JOIN_IMPROVEMENT"": 1.0, ""CALM_QUOTE_EDGE_MULT"": 0.89, ""FAST_QUOTE_EDGE_MULT"": 1.02, ""FAST_TAKE_EDGE_BONUS"": 0.2, ""FAST_TARGET_BONUS"": 3.0, ""GOOD_FILL_TAKE_BONUS"": 0.12, ""INVENTORY_EDGE_PRESSURE"": 0.35, ""INVENTORY_SIZE_PRESSURE"": 0.35}"
v40_state_06,v40-state-sweep-10,15404.0,7723.0,7681.0,689,"{""BAD_FILL_QUOTE_PENALTY"": 0.18, ""BAD_FILL_TAKE_PENALTY"": 0.2, ""CALM_JOIN_IMPROVEMENT"": 1.0, ""CALM_QUOTE_EDGE_MULT"": 0.91, ""FAST_QUOTE_EDGE_MULT"": 1.0, ""FAST_TAKE_EDGE_BONUS"": 0.2, ""FAST_TARGET_BONUS"": 3.0, ""GOOD_FILL_TAKE_BONUS"": 0.08, ""INVENTORY_EDGE_PRESSURE"": 0.3, ""INVENTORY_SIZE_PRESSURE"": 0.2}"
v40_state_07,v40-state-sweep-11,15404.0,7723.0,7681.0,689,"{""BAD_FILL_QUOTE_PENALTY"": 0.06, ""BAD_FILL_TAKE_PENALTY"": 0.08, ""CALM_JOIN_IMPROVEMENT"": 1.0, ""CALM_QUOTE_EDGE_MULT"": 0.91, ""FAST_QUOTE_EDGE_MULT"": 1.02, ""FAST_TAKE_EDGE_BONUS"": 0.12, ""FAST_TARGET_BONUS"": 3.0, ""GOOD_FILL_TAKE_BONUS"": 0.08, ""INVENTORY_EDGE_PRESSURE"": 0.35, ""INVENTORY_SIZE_PRESSURE"": 0.2}"
v40_state_08,v40-state-sweep-12,15404.0,7723.0,7681.0,689,"{""BAD_FILL_QUOTE_PENALTY"": 0.12, ""BAD_FILL_TAKE_PENALTY"": 0.14, ""CALM_JOIN_IMPROVEMENT"": 1.0, ""CALM_QUOTE_EDGE_MULT"": 0.91, ""FAST_QUOTE_EDGE_MULT"": 1.05, ""FAST_TAKE_EDGE_BONUS"": 0.16, ""FAST_TARGET_BONUS"": 4.0, ""GOOD_FILL_TAKE_BONUS"": 0.08, ""INVENTORY_EDGE_PRESSURE"": 0.35, ""INVENTORY_SIZE_PRESSURE"": 0.3}"
v40_state_26,v40-state-sweep-30,15398.0,7723.0,7675.0,682,"{""BAD_FILL_QUOTE_PENALTY"": 0.12, ""BAD_FILL_TAKE_PENALTY"": 0.08, ""CALM_JOIN_IMPROVEMENT"": 3.0, ""CALM_QUOTE_EDGE_MULT"": 0.91, ""FAST_QUOTE_EDGE_MULT"": 1.0, ""FAST_TAKE_EDGE_BONUS"": 0.12, ""FAST_TARGET_BONUS"": 2.0, ""GOOD_FILL_TAKE_BONUS"": 0.04, ""INVENTORY_EDGE_PRESSURE"": 0.3, ""INVENTORY_SIZE_PRESSURE"": 0.3}"
v40_state_36,v40-state-sweep-40,15398.0,7723.0,7675.0,682,"{""BAD_FILL_QUOTE_PENALTY"": 0.18, ""BAD_FILL_TAKE_PENALTY"": 0.08, ""CALM_JOIN_IMPROVEMENT"": 3.0, ""CALM_QUOTE_EDGE_MULT"": 0.94, ""FAST_QUOTE_EDGE_MULT"": 1.02, ""FAST_TAKE_EDGE_BONUS"": 0.12, ""FAST_TARGET_BONUS"": 4.0, ""GOOD_FILL_TAKE_BONUS"": 0.04, ""INVENTORY_EDGE_PRESSURE"": 0.35, ""INVENTORY_SIZE_PRESSURE"": 0.2}"
v40_state_38,v40-state-sweep-42,15398.0,7723.0,7675.0,682,"{""BAD_FILL_QUOTE_PENALTY"": 0.06, ""BAD_FILL_TAKE_PENALTY"": 0.2, ""CALM_JOIN_IMPROVEMENT"": 3.0, ""CALM_QUOTE_EDGE_MULT"": 0.94, ""FAST_QUOTE_EDGE_MULT"": 1.02, ""FAST_TAKE_EDGE_BONUS"": 0.2, ""FAST_TARGET_BONUS"": 2.0, ""GOOD_FILL_TAKE_BONUS"": 0.04, ""INVENTORY_EDGE_PRESSURE"": 0.35, ""INVENTORY_SIZE_PRESSURE"": 0.3}"
v40_state_18,v40-state-sweep-22,15389.0,7723.0,7666.0,689,"{""BAD_FILL_QUOTE_PENALTY"": 0.06, ""BAD_FILL_TAKE_PENALTY"": 0.14, ""CALM_JOIN_IMPROVEMENT"": 2.0, ""CALM_QUOTE_EDGE_MULT"": 0.91, ""FAST_QUOTE_EDGE_MULT"": 1.02, ""FAST_TAKE_EDGE_BONUS"": 0.2, ""FAST_TARGET_BONUS"": 2.0, ""GOOD_FILL_TAKE_BONUS"": 0.08, ""INVENTORY_EDGE_PRESSURE"": 0.35, ""INVENTORY_SIZE_PRESSURE"": 0.3}"
more_calm_joining,v40-state-sweep-03,15374.0,7723.0,7651.0,689,"{""BAD_FILL_QUOTE_PENALTY"": 0.12, ""BAD_FILL_TAKE_PENALTY"": 0.14, ""CALM_JOIN_IMPROVEMENT"": 3.0, ""CALM_QUOTE_EDGE_MULT"": 0.89, ""FAST_QUOTE_EDGE_MULT"": 1.02, ""FAST_TAKE_EDGE_BONUS"": 0.16, ""FAST_TARGET_BONUS"": 3.0, ""GOOD_FILL_TAKE_BONUS"": 0.08, ""INVENTORY_EDGE_PRESSURE"": 0.35, ""INVENTORY_SIZE_PRESSURE"": 0.3}"
v40_state_28,v40-state-sweep-32,15374.0,7723.0,7651.0,689,"{""BAD_FILL_QUOTE_PENALTY"": 0.12, ""BAD_FILL_TAKE_PENALTY"": 0.14, ""CALM_JOIN_IMPROVEMENT"": 3.0, ""CALM_QUOTE_EDGE_MULT"": 0.91, ""FAST_QUOTE_EDGE_MULT"": 1.02, ""FAST_TAKE_EDGE_BONUS"": 0.12, ""FAST_TARGET_BONUS"": 4.0, ""GOOD_FILL_TAKE_BONUS"": 0.08, ""INVENTORY_EDGE_PRESSURE"": 0.3, ""INVENTORY_SIZE_PRESSURE"": 0.3}"
v40_state_33,v40-state-sweep-37,15374.0,7723.0,7651.0,689,"{""BAD_FILL_QUOTE_PENALTY"": 0.12, ""BAD_FILL_TAKE_PENALTY"": 0.08, ""CALM_JOIN_IMPROVEMENT"": 3.0, ""CALM_QUOTE_EDGE_MULT"": 0.94, ""FAST_QUOTE_EDGE_MULT"": 1.0, ""FAST_TAKE_EDGE_BONUS"": 0.16, ""FAST_TARGET_BONUS"": 2.0, ""GOOD_FILL_TAKE_BONUS"": 0.08, ""INVENTORY_EDGE_PRESSURE"": 0.42, ""INVENTORY_SIZE_PRESSURE"": 0.3}"
v40_state_35,v40-state-sweep-39,15374.0,7723.0,7651.0,689,"{""BAD_FILL_QUOTE_PENALTY"": 0.06, ""BAD_FILL_TAKE_PENALTY"": 0.2, ""CALM_JOIN_IMPROVEMENT"": 3.0, ""CALM_QUOTE_EDGE_MULT"": 0.94, ""FAST_QUOTE_EDGE_MULT"": 1.0, ""FAST_TAKE_EDGE_BONUS"": 0.16, ""FAST_TARGET_BONUS"": 4.0, ""GOOD_FILL_TAKE_BONUS"": 0.08, ""INVENTORY_EDGE_PRESSURE"": 0.3, ""INVENTORY_SIZE_PRESSURE"": 0.2}"
v40_state_23,v40-state-sweep-27,15373.0,7723.0,7650.0,686,"{""BAD_FILL_QUOTE_PENALTY"": 0.06, ""BAD_FILL_TAKE_PENALTY"": 0.14, ""CALM_JOIN_IMPROVEMENT"": 3.0, ""CALM_QUOTE_EDGE_MULT"": 0.89, ""FAST_QUOTE_EDGE_MULT"": 1.02, ""FAST_TAKE_EDGE_BONUS"": 0.2, ""FAST_TARGET_BONUS"": 4.0, ""GOOD_FILL_TAKE_BONUS"": 0.12, ""INVENTORY_EDGE_PRESSURE"": 0.42, ""INVENTORY_SIZE_PRESSURE"": 0.35}"
v40_state_04,v40-state-sweep-08,15343.0,7723.0,7620.0,688,"{""BAD_FILL_QUOTE_PENALTY"": 0.18, ""BAD_FILL_TAKE_PENALTY"": 0.14, ""CALM_JOIN_IMPROVEMENT"": 1.0, ""CALM_QUOTE_EDGE_MULT"": 0.89, ""FAST_QUOTE_EDGE_MULT"": 1.05, ""FAST_TAKE_EDGE_BONUS"": 0.16, ""FAST_TARGET_BONUS"": 4.0, ""GOOD_FILL_TAKE_BONUS"": 0.12, ""INVENTORY_EDGE_PRESSURE"": 0.42, ""INVENTORY_SIZE_PRESSURE"": 0.3}"
v40_state_09,v40-state-sweep-13,15343.0,7723.0,7620.0,688,"{""BAD_FILL_QUOTE_PENALTY"": 0.12, ""BAD_FILL_TAKE_PENALTY"": 0.08, ""CALM_JOIN_IMPROVEMENT"": 1.0, ""CALM_QUOTE_EDGE_MULT"": 0.94, ""FAST_QUOTE_EDGE_MULT"": 1.0, ""FAST_TAKE_EDGE_BONUS"": 0.2, ""FAST_TARGET_BONUS"": 4.0, ""GOOD_FILL_TAKE_BONUS"": 0.12, ""INVENTORY_EDGE_PRESSURE"": 0.35, ""INVENTORY_SIZE_PRESSURE"": 0.2}"
v40_state_10,v40-state-sweep-14,15343.0,7723.0,7620.0,688,"{""BAD_FILL_QUOTE_PENALTY"": 0.18, ""BAD_FILL_TAKE_PENALTY"": 0.2, ""CALM_JOIN_IMPROVEMENT"": 1.0, ""CALM_QUOTE_EDGE_MULT"": 0.94, ""FAST_QUOTE_EDGE_MULT"": 1.02, ""FAST_TAKE_EDGE_BONUS"": 0.12, ""FAST_TARGET_BONUS"": 4.0, ""GOOD_FILL_TAKE_BONUS"": 0.12, ""INVENTORY_EDGE_PRESSURE"": 0.3, ""INVENTORY_SIZE_PRESSURE"": 0.2}"
v40_state_13,v40-state-sweep-17,15343.0,7723.0,7620.0,688,"{""BAD_FILL_QUOTE_PENALTY"": 0.06, ""BAD_FILL_TAKE_PENALTY"": 0.08, ""CALM_JOIN_IMPROVEMENT"": 1.0, ""CALM_QUOTE_EDGE_MULT"": 0.94, ""FAST_QUOTE_EDGE_MULT"": 1.05, ""FAST_TAKE_EDGE_BONUS"": 0.16, ""FAST_TARGET_BONUS"": 4.0, ""GOOD_FILL_TAKE_BONUS"": 0.12, ""INVENTORY_EDGE_PRESSURE"": 0.35, ""INVENTORY_SIZE_PRESSURE"": 0.3}"
v40_state_15,v40-state-sweep-19,15324.0,7723.0,7601.0,688,"{""BAD_FILL_QUOTE_PENALTY"": 0.12, ""BAD_FILL_TAKE_PENALTY"": 0.14, ""CALM_JOIN_IMPROVEMENT"": 2.0, ""CALM_QUOTE_EDGE_MULT"": 0.89, ""FAST_QUOTE_EDGE_MULT"": 1.02, ""FAST_TAKE_EDGE_BONUS"": 0.12, ""FAST_TARGET_BONUS"": 4.0, ""GOOD_FILL_TAKE_BONUS"": 0.12, ""INVENTORY_EDGE_PRESSURE"": 0.35, ""INVENTORY_SIZE_PRESSURE"": 0.3}"
v40_state_17,v40-state-sweep-21,15324.0,7723.0,7601.0,688,"{""BAD_FILL_QUOTE_PENALTY"": 0.06, ""BAD_FILL_TAKE_PENALTY"": 0.14, ""CALM_JOIN_IMPROVEMENT"": 2.0, ""CALM_QUOTE_EDGE_MULT"": 0.89, ""FAST_QUOTE_EDGE_MULT"": 1.05, ""FAST_TAKE_EDGE_BONUS"": 0.16, ""FAST_TARGET_BONUS"": 4.0, ""GOOD_FILL_TAKE_BONUS"": 0.12, ""INVENTORY_EDGE_PRESSURE"": 0.42, ""INVENTORY_SIZE_PRESSURE"": 0.2}"
v40_state_19,v40-state-sweep-23,15324.0,7723.0,7601.0,688,"{""BAD_FILL_QUOTE_PENALTY"": 0.12, ""BAD_FILL_TAKE_PENALTY"": 0.14, ""CALM_JOIN_IMPROVEMENT"": 2.0, ""CALM_QUOTE_EDGE_MULT"": 0.94, ""FAST_QUOTE_EDGE_MULT"": 1.0, ""FAST_TAKE_EDGE_BONUS"": 0.12, ""FAST_TARGET_BONUS"": 3.0, ""GOOD_FILL_TAKE_BONUS"": 0.12, ""INVENTORY_EDGE_PRESSURE"": 0.35, ""INVENTORY_SIZE_PRESSURE"": 0.2}"
v40_state_20,v40-state-sweep-24,15324.0,7723.0,7601.0,688,"{""BAD_FILL_QUOTE_PENALTY"": 0.06, ""BAD_FILL_TAKE_PENALTY"": 0.08, ""CALM_JOIN_IMPROVEMENT"": 2.0, ""CALM_QUOTE_EDGE_MULT"": 0.94, ""FAST_QUOTE_EDGE_MULT"": 1.02, ""FAST_TAKE_EDGE_BONUS"": 0.16, ""FAST_TARGET_BONUS"": 3.0, ""GOOD_FILL_TAKE_BONUS"": 0.12, ""INVENTORY_EDGE_PRESSURE"": 0.35, ""INVENTORY_SIZE_PRESSURE"": 0.2}"
v40_state_25,v40-state-sweep-29,15305.0,7723.0,7582.0,688,"{""BAD_FILL_QUOTE_PENALTY"": 0.18, ""BAD_FILL_TAKE_PENALTY"": 0.14, ""CALM_JOIN_IMPROVEMENT"": 3.0, ""CALM_QUOTE_EDGE_MULT"": 0.89, ""FAST_QUOTE_EDGE_MULT"": 1.05, ""FAST_TAKE_EDGE_BONUS"": 0.16, ""FAST_TARGET_BONUS"": 4.0, ""GOOD_FILL_TAKE_BONUS"": 0.12, ""INVENTORY_EDGE_PRESSURE"": 0.42, ""INVENTORY_SIZE_PRESSURE"": 0.3}"
v40_state_27,v40-state-sweep-31,15305.0,7723.0,7582.0,688,"{""BAD_FILL_QUOTE_PENALTY"": 0.12, ""BAD_FILL_TAKE_PENALTY"": 0.2, ""CALM_JOIN_IMPROVEMENT"": 3.0, ""CALM_QUOTE_EDGE_MULT"": 0.91, ""FAST_QUOTE_EDGE_MULT"": 1.0, ""FAST_TAKE_EDGE_BONUS"": 0.16, ""FAST_TARGET_BONUS"": 2.0, ""GOOD_FILL_TAKE_BONUS"": 0.12, ""INVENTORY_EDGE_PRESSURE"": 0.35, ""INVENTORY_SIZE_PRESSURE"": 0.3}"
v40_state_29,v40-state-sweep-33,15305.0,7723.0,7582.0,688,"{""BAD_FILL_QUOTE_PENALTY"": 0.06, ""BAD_FILL_TAKE_PENALTY"": 0.2, ""CALM_JOIN_IMPROVEMENT"": 3.0, ""CALM_QUOTE_EDGE_MULT"": 0.91, ""FAST_QUOTE_EDGE_MULT"": 1.02, ""FAST_TAKE_EDGE_BONUS"": 0.16, ""FAST_TARGET_BONUS"": 3.0, ""GOOD_FILL_TAKE_BONUS"": 0.12, ""INVENTORY_EDGE_PRESSURE"": 0.3, ""INVENTORY_SIZE_PRESSURE"": 0.2}"
v40_state_30,v40-state-sweep-34,15305.0,7723.0,7582.0,688,"{""BAD_FILL_QUOTE_PENALTY"": 0.18, ""BAD_FILL_TAKE_PENALTY"": 0.14, ""CALM_JOIN_IMPROVEMENT"": 3.0, ""CALM_QUOTE_EDGE_MULT"": 0.91, ""FAST_QUOTE_EDGE_MULT"": 1.05, ""FAST_TAKE_EDGE_BONUS"": 0.12, ""FAST_TARGET_BONUS"": 3.0, ""GOOD_FILL_TAKE_BONUS"": 0.12, ""INVENTORY_EDGE_PRESSURE"": 0.35, ""INVENTORY_SIZE_PRESSURE"": 0.2}"
v40_state_34,v40-state-sweep-38,15305.0,7723.0,7582.0,688,"{""BAD_FILL_QUOTE_PENALTY"": 0.18, ""BAD_FILL_TAKE_PENALTY"": 0.08, ""CALM_JOIN_IMPROVEMENT"": 3.0, ""CALM_QUOTE_EDGE_MULT"": 0.94, ""FAST_QUOTE_EDGE_MULT"": 1.0, ""FAST_TAKE_EDGE_BONUS"": 0.16, ""FAST_TARGET_BONUS"": 2.0, ""GOOD_FILL_TAKE_BONUS"": 0.12, ""INVENTORY_EDGE_PRESSURE"": 0.42, ""INVENTORY_SIZE_PRESSURE"": 0.3}"
v40_state_39,v40-state-sweep-43,15305.0,7723.0,7582.0,688,"{""BAD_FILL_QUOTE_PENALTY"": 0.06, ""BAD_FILL_TAKE_PENALTY"": 0.2, ""CALM_JOIN_IMPROVEMENT"": 3.0, ""CALM_QUOTE_EDGE_MULT"": 0.94, ""FAST_QUOTE_EDGE_MULT"": 1.05, ""FAST_TAKE_EDGE_BONUS"": 0.16, ""FAST_TARGET_BONUS"": 2.0, ""GOOD_FILL_TAKE_BONUS"": 0.12, ""INVENTORY_EDGE_PRESSURE"": 0.42, ""INVENTORY_SIZE_PRESSURE"": 0.3}"
