timestamp;buyer;seller;symbol;currency;price;quantity
5300;BOT_TAKER;SUBMISSION;TOMATOES;XIRECS;5005.0;2
6500;BOT_TAKER;SUBMISSION;EMERALDS;XIRECS;10007.0;3
7300;SUBMISSION;BOT;TOMATOES;XIRECS;4997.0;5
8000;SUBMISSION;BOT_TAKER;TOMATOES;XIRECS;4995.0;4
8100;BOT_TAKER;SUBMISSION;TOMATOES;XIRECS;5007.0;2
8600;SUBMISSION;BOT_TAKER;TOMATOES;XIRECS;4996.0;5
8800;BOT_TAKER;SUBMISSION;TOMATOES;XIRECS;5007.0;5
13400;SUBMISSION;BOT_TAKER;TOMATOES;XIRECS;4991.0;5
14400;SUBMISSION;BOT_TAKER;TOMATOES;XIRECS;4990.0;2
16300;SUBMISSION;BOT_TAKER;EMERALDS;XIRECS;9993.0;4
16500;BOT_TAKER;SUBMISSION;EMERALDS;XIRECS;10007.0;5
17600;BOT_TAKER;SUBMISSION;TOMATOES;XIRECS;5006.0;5
18000;BOT_TAKER;SUBMISSION;TOMATOES;XIRECS;5005.0;2
19400;BOT_TAKER;SUBMISSION;TOMATOES;XIRECS;5004.0;5
20400;SUBMISSION;BOT_TAKER;TOMATOES;XIRECS;4993.0;4
25100;SUBMISSION;BOT_TAKER;TOMATOES;XIRECS;4989.0;2
25500;BOT_TAKER;SUBMISSION;TOMATOES;XIRECS;5001.0;2
25600;BOT_TAKER;SUBMISSION;TOMATOES;XIRECS;5002.0;5
27900;SUBMISSION;BOT_TAKER;EMERALDS;XIRECS;9993.0;3
29500;SUBMISSION;BOT_TAKER;TOMATOES;XIRECS;4993.0;4
30500;SUBMISSION;BOT_TAKER;TOMATOES;XIRECS;4991.0;4
34800;BOT_TAKER;SUBMISSION;EMERALDS;XIRECS;10007.0;8
34900;BOT_TAKER;SUBMISSION;TOMATOES;XIRECS;4997.0;2
40800;BOT;SUBMISSION;TOMATOES;XIRECS;4991.0;9
40900;SUBMISSION;BOT;TOMATOES;XIRECS;4989.0;5
42800;SUBMISSION;BOT_TAKER;TOMATOES;XIRECS;4984.0;5
49500;BOT_TAKER;SUBMISSION;EMERALDS;XIRECS;10007.0;4
49900;SUBMISSION;BOT_TAKER;EMERALDS;XIRECS;9993.0;6
50300;BOT_TAKER;SUBMISSION;TOMATOES;XIRECS;4993.0;3
52200;BOT_TAKER;SUBMISSION;EMERALDS;XIRECS;10007.0;8
52400;SUBMISSION;BOT_TAKER;TOMATOES;XIRECS;4981.0;2
54700;BOT_TAKER;SUBMISSION;EMERALDS;XIRECS;10007.0;4
56200;SUBMISSION;BOT_TAKER;TOMATOES;XIRECS;4980.0;3
57500;BOT_TAKER;SUBMISSION;EMERALDS;XIRECS;10007.0;5
58700;SUBMISSION;BOT_TAKER;EMERALDS;XIRECS;9993.0;8
59600;BOT_TAKER;SUBMISSION;TOMATOES;XIRECS;4990.0;4
60800;BOT_TAKER;SUBMISSION;TOMATOES;XIRECS;4990.0;5
62200;BOT_TAKER;SUBMISSION;EMERALDS;XIRECS;10007.0;4
63600;SUBMISSION;BOT_TAKER;TOMATOES;XIRECS;4981.0;3
64400;BOT_TAKER;SUBMISSION;TOMATOES;XIRECS;4991.0;4
66800;SUBMISSION;BOT_TAKER;TOMATOES;XIRECS;4974.0;4
67100;SUBMISSION;BOT_TAKER;EMERALDS;XIRECS;9993.0;5
69700;BOT_TAKER;SUBMISSION;TOMATOES;XIRECS;4986.0;2
71000;SUBMISSION;BOT;TOMATOES;XIRECS;4978.0;5
72500;SUBMISSION;BOT_TAKER;EMERALDS;XIRECS;9993.0;8
74100;SUBMISSION;BOT_TAKER;TOMATOES;XIRECS;4974.0;4
75100;BOT_TAKER;SUBMISSION;EMERALDS;XIRECS;10007.0;3
76000;SUBMISSION;BOT_TAKER;TOMATOES;XIRECS;4972.0;4
77300;SUBMISSION;BOT_TAKER;TOMATOES;XIRECS;4971.0;3
79600;BOT_TAKER;SUBMISSION;TOMATOES;XIRECS;4981.0;5
83600;SUBMISSION;BOT_TAKER;EMERALDS;XIRECS;9993.0;7
84200;BOT_TAKER;SUBMISSION;TOMATOES;XIRECS;4979.0;3
87500;SUBMISSION;BOT_TAKER;TOMATOES;XIRECS;4975.0;5
88200;SUBMISSION;BOT_TAKER;TOMATOES;XIRECS;4966.0;4
90200;SUBMISSION;BOT_TAKER;TOMATOES;XIRECS;4968.0;4
91100;SUBMISSION;BOT_TAKER;TOMATOES;XIRECS;4970.0;2
95800;SUBMISSION;BOT_TAKER;TOMATOES;XIRECS;4977.0;5
97800;SUBMISSION;BOT_TAKER;TOMATOES;XIRECS;4980.0;3
98000;BOT_TAKER;SUBMISSION;EMERALDS;XIRECS;10007.0;4
103000;SUBMISSION;BOT_TAKER;EMERALDS;XIRECS;9993.0;8
103100;BOT_TAKER;SUBMISSION;TOMATOES;XIRECS;4998.0;4
104300;SUBMISSION;BOT_TAKER;EMERALDS;XIRECS;9993.0;3
104300;BOT_TAKER;SUBMISSION;TOMATOES;XIRECS;4999.0;3
106300;SUBMISSION;BOT_TAKER;TOMATOES;XIRECS;4988.0;3
107200;BOT_TAKER;SUBMISSION;TOMATOES;XIRECS;4999.0;5
107500;SUBMISSION;BOT_TAKER;EMERALDS;XIRECS;9993.0;6
108300;SUBMISSION;BOT_TAKER;TOMATOES;XIRECS;4985.0;3
111500;BOT_TAKER;SUBMISSION;TOMATOES;XIRECS;4995.0;6
111700;BOT_TAKER;SUBMISSION;EMERALDS;XIRECS;10007.0;8
113800;SUBMISSION;BOT_TAKER;TOMATOES;XIRECS;4986.0;5
114500;SUBMISSION;BOT_TAKER;TOMATOES;XIRECS;4984.0;2
114600;SUBMISSION;BOT_TAKER;TOMATOES;XIRECS;4985.0;4
115100;BOT_TAKER;SUBMISSION;TOMATOES;XIRECS;4996.0;4
116000;BOT_TAKER;SUBMISSION;TOMATOES;XIRECS;4994.0;3
119000;SUBMISSION;BOT_TAKER;TOMATOES;XIRECS;4979.0;4
119200;SUBMISSION;BOT_TAKER;TOMATOES;XIRECS;4979.0;3
120100;BOT_TAKER;SUBMISSION;TOMATOES;XIRECS;4991.0;4
122600;BOT_TAKER;SUBMISSION;TOMATOES;XIRECS;4990.0;2
124500;SUBMISSION;BOT_TAKER;TOMATOES;XIRECS;4978.0;2
125400;SUBMISSION;BOT_TAKER;TOMATOES;XIRECS;4978.0;3
126300;BOT_TAKER;SUBMISSION;EMERALDS;XIRECS;10007.0;8
128200;BOT_TAKER;SUBMISSION;EMERALDS;XIRECS;10007.0;3
129600;SUBMISSION;BOT_TAKER;EMERALDS;XIRECS;9993.0;6
131000;SUBMISSION;BOT_TAKER;TOMATOES;XIRECS;4976.0;2
131300;SUBMISSION;BOT_TAKER;TOMATOES;XIRECS;4976.0;4
132400;SUBMISSION;BOT_TAKER;TOMATOES;XIRECS;4977.0;3
135000;BOT_TAKER;SUBMISSION;EMERALDS;XIRECS;10007.0;8
138000;BOT_TAKER;SUBMISSION;TOMATOES;XIRECS;4993.0;5
138800;SUBMISSION;BOT_TAKER;EMERALDS;XIRECS;9993.0;6
140000;SUBMISSION;BOT_TAKER;TOMATOES;XIRECS;4980.0;3
140600;BOT;SUBMISSION;TOMATOES;XIRECS;4986.0;3
141500;BOT_TAKER;SUBMISSION;TOMATOES;XIRECS;4993.0;5
143000;SUBMISSION;BOT_TAKER;TOMATOES;XIRECS;4981.0;2
143800;BOT_TAKER;SUBMISSION;EMERALDS;XIRECS;10007.0;3
144000;BOT_TAKER;SUBMISSION;TOMATOES;XIRECS;4990.0;3
145300;SUBMISSION;BOT_TAKER;TOMATOES;XIRECS;4974.0;5
151300;SUBMISSION;BOT_TAKER;EMERALDS;XIRECS;9993.0;4
151900;SUBMISSION;BOT_TAKER;TOMATOES;XIRECS;4988.0;4
152500;BOT;SUBMISSION;TOMATOES;XIRECS;4986.0;3
153200;BOT_TAKER;SUBMISSION;EMERALDS;XIRECS;10007.0;6
154000;BOT_TAKER;SUBMISSION;EMERALDS;XIRECS;10007.0;7
155300;BOT_TAKER;SUBMISSION;EMERALDS;XIRECS;10007.0;3
156100;SUBMISSION;BOT_TAKER;EMERALDS;XIRECS;9993.0;6
156500;BOT_TAKER;SUBMISSION;EMERALDS;XIRECS;10007.0;5
156600;SUBMISSION;BOT_TAKER;TOMATOES;XIRECS;4977.0;2
157300;BOT_TAKER;SUBMISSION;TOMATOES;XIRECS;4988.0;2
158800;BOT_TAKER;SUBMISSION;TOMATOES;XIRECS;4989.0;3
158900;BOT_TAKER;SUBMISSION;EMERALDS;XIRECS;10007.0;6
159600;BOT_TAKER;SUBMISSION;TOMATOES;XIRECS;4989.0;5
159800;SUBMISSION;BOT_TAKER;TOMATOES;XIRECS;4978.0;3
162700;SUBMISSION;BOT_TAKER;TOMATOES;XIRECS;4979.0;3
163100;BOT;SUBMISSION;TOMATOES;XIRECS;4984.0;4
164000;BOT;SUBMISSION;TOMATOES;XIRECS;4983.0;3
164400;BOT;SUBMISSION;TOMATOES;XIRECS;4985.0;5
165400;BOT_TAKER;SUBMISSION;TOMATOES;XIRECS;4992.0;2
166000;BOT_TAKER;SUBMISSION;TOMATOES;XIRECS;4993.0;2
167400;SUBMISSION;BOT_TAKER;TOMATOES;XIRECS;4987.0;4
167700;SUBMISSION;BOT_TAKER;TOMATOES;XIRECS;4987.0;5
168600;SUBMISSION;BOT_TAKER;TOMATOES;XIRECS;4994.0;2
170500;SUBMISSION;BOT_TAKER;TOMATOES;XIRECS;4988.0;2
173300;SUBMISSION;BOT;EMERALDS;XIRECS;10000.0;10
173400;BOT_TAKER;SUBMISSION;TOMATOES;XIRECS;5000.0;3
174400;BOT_TAKER;SUBMISSION;TOMATOES;XIRECS;4998.0;2
174900;BOT_TAKER;SUBMISSION;TOMATOES;XIRECS;4998.0;5
176800;SUBMISSION;BOT_TAKER;TOMATOES;XIRECS;4993.0;4
178000;BOT_TAKER;SUBMISSION;TOMATOES;XIRECS;5005.0;2
183200;BOT_TAKER;SUBMISSION;TOMATOES;XIRECS;4996.0;4
183600;BOT_TAKER;SUBMISSION;TOMATOES;XIRECS;4997.0;5
185000;BOT_TAKER;SUBMISSION;TOMATOES;XIRECS;4998.0;2
185500;BOT_TAKER;SUBMISSION;EMERALDS;XIRECS;10007.0;6
186600;SUBMISSION;BOT_TAKER;TOMATOES;XIRECS;4983.0;5
188800;BOT_TAKER;SUBMISSION;EMERALDS;XIRECS;10007.0;6
191700;SUBMISSION;BOT_TAKER;EMERALDS;XIRECS;9993.0;5
192000;BOT;SUBMISSION;TOMATOES;XIRECS;4993.0;2
193300;SUBMISSION;BOT_TAKER;EMERALDS;XIRECS;9993.0;7
193600;BOT_TAKER;SUBMISSION;TOMATOES;XIRECS;4998.0;5
193800;BOT_TAKER;SUBMISSION;EMERALDS;XIRECS;10007.0;7
193800;BOT_TAKER;SUBMISSION;TOMATOES;XIRECS;4998.0;2
195200;BOT_TAKER;SUBMISSION;TOMATOES;XIRECS;4989.0;2
195900;SUBMISSION;BOT_TAKER;TOMATOES;XIRECS;4985.0;5
198500;BOT_TAKER;SUBMISSION;TOMATOES;XIRECS;4996.0;4
200800;SUBMISSION;BOT_TAKER;TOMATOES;XIRECS;4984.0;2
201100;SUBMISSION;BOT_TAKER;TOMATOES;XIRECS;4985.0;4
201200;BOT_TAKER;SUBMISSION;EMERALDS;XIRECS;10007.0;3
204300;BOT_TAKER;SUBMISSION;TOMATOES;XIRECS;4997.0;2
205400;SUBMISSION;BOT_TAKER;EMERALDS;XIRECS;9993.0;4
206100;BOT_TAKER;SUBMISSION;TOMATOES;XIRECS;4989.0;2
206300;SUBMISSION;BOT_TAKER;TOMATOES;XIRECS;4984.0;2
207400;SUBMISSION;BOT_TAKER;EMERALDS;XIRECS;9993.0;6
207700;BOT_TAKER;SUBMISSION;EMERALDS;XIRECS;10007.0;4
210400;SUBMISSION;BOT_TAKER;TOMATOES;XIRECS;4979.0;3
211300;BOT_TAKER;SUBMISSION;EMERALDS;XIRECS;10007.0;5
214500;SUBMISSION;BOT_TAKER;EMERALDS;XIRECS;9993.0;6
215400;SUBMISSION;BOT_TAKER;EMERALDS;XIRECS;9993.0;3
215800;SUBMISSION;BOT_TAKER;TOMATOES;XIRECS;4989.0;4
217900;SUBMISSION;BOT_TAKER;EMERALDS;XIRECS;10001.0;6
227400;BOT_TAKER;SUBMISSION;TOMATOES;XIRECS;4985.0;3
229700;SUBMISSION;BOT_TAKER;TOMATOES;XIRECS;4973.0;4
229800;SUBMISSION;BOT_TAKER;TOMATOES;XIRECS;4973.0;2
233100;SUBMISSION;BOT_TAKER;TOMATOES;XIRECS;4971.0;5
234000;BOT_TAKER;SUBMISSION;EMERALDS;XIRECS;10007.0;7
234000;BOT_TAKER;SUBMISSION;TOMATOES;XIRECS;4982.0;4
234100;SUBMISSION;BOT_TAKER;EMERALDS;XIRECS;9993.0;8
235400;SUBMISSION;BOT_TAKER;EMERALDS;XIRECS;9993.0;5
235700;SUBMISSION;BOT_TAKER;TOMATOES;XIRECS;4973.0;3
236200;SUBMISSION;BOT_TAKER;TOMATOES;XIRECS;4972.0;4
236500;SUBMISSION;BOT_TAKER;TOMATOES;XIRECS;4972.0;2
238800;SUBMISSION;BOT_TAKER;TOMATOES;XIRECS;4972.0;3
239000;BOT_TAKER;SUBMISSION;EMERALDS;XIRECS;10007.0;8
239700;BOT_TAKER;SUBMISSION;TOMATOES;XIRECS;4982.0;2
241700;SUBMISSION;BOT_TAKER;TOMATOES;XIRECS;4966.0;2
242000;SUBMISSION;BOT_TAKER;TOMATOES;XIRECS;4966.0;4
242300;SUBMISSION;BOT_TAKER;TOMATOES;XIRECS;4966.0;4
244000;BOT;SUBMISSION;TOMATOES;XIRECS;4970.0;2
244900;SUBMISSION;BOT_TAKER;TOMATOES;XIRECS;4964.0;4
250000;BOT_TAKER;SUBMISSION;TOMATOES;XIRECS;4973.0;4
251700;BOT;SUBMISSION;TOMATOES;XIRECS;4969.0;8
252100;BOT;SUBMISSION;TOMATOES;XIRECS;4970.0;7
252800;SUBMISSION;BOT_TAKER;TOMATOES;XIRECS;4962.0;3
253700;SUBMISSION;BOT_TAKER;TOMATOES;XIRECS;4960.0;3
254000;BOT_TAKER;SUBMISSION;EMERALDS;XIRECS;10007.0;6
258000;BOT;SUBMISSION;TOMATOES;XIRECS;4970.0;10
258200;SUBMISSION;BOT_TAKER;EMERALDS;XIRECS;9993.0;8
261800;BOT_TAKER;SUBMISSION;EMERALDS;XIRECS;10007.0;4
263900;SUBMISSION;BOT_TAKER;TOMATOES;XIRECS;4962.0;2
264900;BOT_TAKER;SUBMISSION;TOMATOES;XIRECS;4972.0;5
265600;SUBMISSION;BOT_TAKER;TOMATOES;XIRECS;4961.0;2
266200;BOT_TAKER;SUBMISSION;TOMATOES;XIRECS;4973.0;3
267600;BOT_TAKER;SUBMISSION;TOMATOES;XIRECS;4966.0;5
268100;BOT_TAKER;SUBMISSION;TOMATOES;XIRECS;4971.0;5
268900;SUBMISSION;BOT_TAKER;TOMATOES;XIRECS;4959.0;2
269200;BOT_TAKER;SUBMISSION;EMERALDS;XIRECS;10007.0;7
269800;SUBMISSION;BOT_TAKER;EMERALDS;XIRECS;9993.0;4
270000;BOT_TAKER;SUBMISSION;TOMATOES;XIRECS;4968.0;3
272700;SUBMISSION;BOT_TAKER;EMERALDS;XIRECS;9993.0;8
274600;BOT;SUBMISSION;TOMATOES;XIRECS;4958.0;6
274600;SUBMISSION;BOT_TAKER;EMERALDS;XIRECS;9993.0;3
276800;SUBMISSION;BOT_TAKER;TOMATOES;XIRECS;4949.0;4
279500;BOT_TAKER;SUBMISSION;TOMATOES;XIRECS;4962.0;3
279900;SUBMISSION;BOT_TAKER;TOMATOES;XIRECS;4952.0;4
280200;BOT_TAKER;SUBMISSION;TOMATOES;XIRECS;4964.0;5
281000;SUBMISSION;BOT;TOMATOES;XIRECS;4958.0;8
286100;BOT;SUBMISSION;TOMATOES;XIRECS;4960.0;6
286100;SUBMISSION;BOT_TAKER;EMERALDS;XIRECS;9993.0;7
286200;BOT_TAKER;SUBMISSION;EMERALDS;XIRECS;10007.0;6
286800;SUBMISSION;BOT_TAKER;TOMATOES;XIRECS;4955.0;3
288100;BOT_TAKER;SUBMISSION;TOMATOES;XIRECS;4965.0;4
288400;SUBMISSION;BOT_TAKER;TOMATOES;XIRECS;4953.0;4
289800;SUBMISSION;BOT_TAKER;TOMATOES;XIRECS;4951.0;3
292300;BOT_TAKER;SUBMISSION;TOMATOES;XIRECS;4964.0;4
304000;BOT_TAKER;SUBMISSION;TOMATOES;XIRECS;4954.0;4
310600;BOT_TAKER;SUBMISSION;TOMATOES;XIRECS;4956.0;3
311300;BOT_TAKER;SUBMISSION;TOMATOES;XIRECS;4956.0;5
315800;SUBMISSION;BOT_TAKER;TOMATOES;XIRECS;4941.0;3
317500;SUBMISSION;BOT_TAKER;EMERALDS;XIRECS;9993.0;3
318500;SUBMISSION;BOT_TAKER;EMERALDS;XIRECS;9993.0;3
319300;BOT_TAKER;SUBMISSION;EMERALDS;XIRECS;10007.0;5
320300;BOT_TAKER;SUBMISSION;EMERALDS;XIRECS;10007.0;6
321700;SUBMISSION;BOT_TAKER;TOMATOES;XIRECS;4947.0;3
322600;SUBMISSION;BOT_TAKER;TOMATOES;XIRECS;4942.0;4
322700;SUBMISSION;BOT_TAKER;EMERALDS;XIRECS;9993.0;5
323300;SUBMISSION;BOT_TAKER;TOMATOES;XIRECS;4941.0;5
323700;BOT_TAKER;SUBMISSION;EMERALDS;XIRECS;10007.0;8
324800;BOT_TAKER;SUBMISSION;TOMATOES;XIRECS;4951.0;2
325000;BOT_TAKER;SUBMISSION;TOMATOES;XIRECS;4950.0;5
326100;SUBMISSION;BOT_TAKER;TOMATOES;XIRECS;4938.0;4
327200;BOT_TAKER;SUBMISSION;EMERALDS;XIRECS;10007.0;4
329800;SUBMISSION;BOT_TAKER;EMERALDS;XIRECS;9993.0;7
331100;BOT_TAKER;SUBMISSION;TOMATOES;XIRECS;4952.0;3
332800;SUBMISSION;BOT_TAKER;TOMATOES;XIRECS;4939.0;4
334100;SUBMISSION;BOT_TAKER;EMERALDS;XIRECS;9993.0;7
334200;BOT_TAKER;SUBMISSION;TOMATOES;XIRECS;4953.0;4
335200;BOT_TAKER;SUBMISSION;TOMATOES;XIRECS;4954.0;4
336800;BOT_TAKER;SUBMISSION;TOMATOES;XIRECS;4954.0;2
338700;SUBMISSION;BOT_TAKER;EMERALDS;XIRECS;9993.0;7
342000;SUBMISSION;BOT_TAKER;TOMATOES;XIRECS;4944.0;2
343700;BOT_TAKER;SUBMISSION;TOMATOES;XIRECS;4956.0;3
346300;SUBMISSION;BOT;TOMATOES;XIRECS;4948.0;9
352700;SUBMISSION;BOT_TAKER;TOMATOES;XIRECS;4946.0;4
354500;BOT_TAKER;SUBMISSION;EMERALDS;XIRECS;10007.0;6
358300;SUBMISSION;BOT_TAKER;TOMATOES;XIRECS;4953.0;5
361400;SUBMISSION;BOT_TAKER;TOMATOES;XIRECS;4951.0;4
362700;SUBMISSION;BOT_TAKER;TOMATOES;XIRECS;4949.0;4
363000;BOT_TAKER;SUBMISSION;TOMATOES;XIRECS;4960.0;4
368800;SUBMISSION;BOT_TAKER;TOMATOES;XIRECS;4952.0;5
370100;SUBMISSION;BOT_TAKER;TOMATOES;XIRECS;4954.0;4
370200;SUBMISSION;BOT_TAKER;TOMATOES;XIRECS;4955.0;3
372200;BOT_TAKER;SUBMISSION;TOMATOES;XIRECS;4967.0;4
372600;BOT_TAKER;SUBMISSION;TOMATOES;XIRECS;4966.0;5
373800;BOT_TAKER;SUBMISSION;TOMATOES;XIRECS;4968.0;5
376100;SUBMISSION;BOT_TAKER;TOMATOES;XIRECS;4957.0;2
380100;SUBMISSION;BOT_TAKER;EMERALDS;XIRECS;9993.0;6
380200;BOT_TAKER;SUBMISSION;EMERALDS;XIRECS;10007.0;7
380600;BOT_TAKER;SUBMISSION;EMERALDS;XIRECS;10007.0;7
380600;SUBMISSION;BOT_TAKER;TOMATOES;XIRECS;4956.0;5
383500;SUBMISSION;BOT_TAKER;TOMATOES;XIRECS;4954.0;2
384800;SUBMISSION;BOT_TAKER;TOMATOES;XIRECS;4956.0;2
385500;BOT_TAKER;SUBMISSION;EMERALDS;XIRECS;10007.0;5
387000;BOT;SUBMISSION;TOMATOES;XIRECS;4968.0;8
390300;SUBMISSION;BOT_TAKER;EMERALDS;XIRECS;9993.0;7
391400;SUBMISSION;BOT_TAKER;TOMATOES;XIRECS;4965.0;2
396500;SUBMISSION;BOT_TAKER;EMERALDS;XIRECS;9993.0;8
398300;BOT_TAKER;SUBMISSION;EMERALDS;XIRECS;10007.0;5
405400;BOT_TAKER;SUBMISSION;TOMATOES;XIRECS;4983.0;2
406700;BOT_TAKER;SUBMISSION;TOMATOES;XIRECS;4984.0;5
407400;BOT_TAKER;SUBMISSION;TOMATOES;XIRECS;4984.0;3
409500;SUBMISSION;BOT_TAKER;EMERALDS;XIRECS;9993.0;4
409700;SUBMISSION;BOT_TAKER;TOMATOES;XIRECS;4974.0;3
410400;SUBMISSION;BOT_TAKER;TOMATOES;XIRECS;4975.0;5
412000;SUBMISSION;BOT_TAKER;TOMATOES;XIRECS;4971.0;5
416500;SUBMISSION;BOT_TAKER;EMERALDS;XIRECS;9993.0;6
418100;BOT_TAKER;SUBMISSION;TOMATOES;XIRECS;4979.0;2
418900;BOT_TAKER;SUBMISSION;EMERALDS;XIRECS;10007.0;8
419100;BOT_TAKER;SUBMISSION;TOMATOES;XIRECS;4977.0;2
421300;BOT_TAKER;SUBMISSION;TOMATOES;XIRECS;4976.0;5
421500;SUBMISSION;BOT_TAKER;TOMATOES;XIRECS;4965.0;5
428000;SUBMISSION;BOT_TAKER;EMERALDS;XIRECS;9993.0;3
430100;SUBMISSION;BOT_TAKER;EMERALDS;XIRECS;9993.0;5
431400;BOT_TAKER;SUBMISSION;EMERALDS;XIRECS;10007.0;3
433400;BOT_TAKER;SUBMISSION;TOMATOES;XIRECS;4973.0;5
435000;BOT_TAKER;SUBMISSION;EMERALDS;XIRECS;10007.0;3
435300;BOT_TAKER;SUBMISSION;TOMATOES;XIRECS;4972.0;5
436700;BOT_TAKER;SUBMISSION;TOMATOES;XIRECS;4972.0;2
437600;BOT_TAKER;SUBMISSION;TOMATOES;XIRECS;4970.0;2
438000;SUBMISSION;BOT_TAKER;TOMATOES;XIRECS;4960.0;2
439200;BOT_TAKER;SUBMISSION;TOMATOES;XIRECS;4974.0;2
439600;SUBMISSION;BOT_TAKER;TOMATOES;XIRECS;4963.0;5
442800;SUBMISSION;BOT_TAKER;TOMATOES;XIRECS;4961.0;4
445900;SUBMISSION;BOT_TAKER;TOMATOES;XIRECS;4965.0;3
446200;SUBMISSION;BOT_TAKER;TOMATOES;XIRECS;4965.0;5
446500;BOT_TAKER;SUBMISSION;EMERALDS;XIRECS;10007.0;4
449600;BOT;SUBMISSION;TOMATOES;XIRECS;4972.0;6
451700;BOT_TAKER;SUBMISSION;EMERALDS;XIRECS;10007.0;4
452100;SUBMISSION;BOT_TAKER;EMERALDS;XIRECS;9993.0;6
452800;BOT;SUBMISSION;TOMATOES;XIRECS;4974.0;8
452800;BOT_TAKER;SUBMISSION;EMERALDS;XIRECS;10007.0;4
454000;SUBMISSION;BOT_TAKER;TOMATOES;XIRECS;4967.0;3
455100;BOT_TAKER;SUBMISSION;TOMATOES;XIRECS;4978.0;3
458800;BOT_TAKER;SUBMISSION;TOMATOES;XIRECS;4975.0;3
460600;SUBMISSION;BOT_TAKER;EMERALDS;XIRECS;9993.0;3
461000;BOT_TAKER;SUBMISSION;EMERALDS;XIRECS;10007.0;7
465500;BOT_TAKER;SUBMISSION;TOMATOES;XIRECS;4972.0;4
465900;BOT_TAKER;SUBMISSION;TOMATOES;XIRECS;4976.0;2
467700;SUBMISSION;BOT_TAKER;EMERALDS;XIRECS;9993.0;6
468800;BOT_TAKER;SUBMISSION;TOMATOES;XIRECS;4977.0;4
471300;SUBMISSION;BOT_TAKER;EMERALDS;XIRECS;9993.0;7
471500;SUBMISSION;BOT_TAKER;TOMATOES;XIRECS;4967.0;2
472400;SUBMISSION;BOT_TAKER;TOMATOES;XIRECS;4967.0;3
473400;BOT_TAKER;SUBMISSION;TOMATOES;XIRECS;4970.0;2
474500;SUBMISSION;BOT_TAKER;TOMATOES;XIRECS;4967.0;2
477600;SUBMISSION;BOT_TAKER;TOMATOES;XIRECS;4970.0;2
479900;BOT_TAKER;SUBMISSION;TOMATOES;XIRECS;4981.0;3
480900;SUBMISSION;BOT_TAKER;TOMATOES;XIRECS;4967.0;3
482600;BOT_TAKER;SUBMISSION;TOMATOES;XIRECS;4978.0;5
483100;SUBMISSION;BOT_TAKER;TOMATOES;XIRECS;4966.0;2
485100;SUBMISSION;BOT_TAKER;TOMATOES;XIRECS;4967.0;3
486500;SUBMISSION;BOT_TAKER;EMERALDS;XIRECS;9993.0;4
487200;SUBMISSION;BOT_TAKER;EMERALDS;XIRECS;10001.0;6
487300;BOT_TAKER;SUBMISSION;TOMATOES;XIRECS;4979.0;2
488300;BOT_TAKER;SUBMISSION;TOMATOES;XIRECS;4979.0;2
490400;SUBMISSION;BOT;TOMATOES;XIRECS;4972.0;7
491000;BOT_TAKER;SUBMISSION;TOMATOES;XIRECS;4979.0;3
496600;BOT_TAKER;SUBMISSION;EMERALDS;XIRECS;10007.0;5
498000;SUBMISSION;BOT_TAKER;TOMATOES;XIRECS;4977.0;4
501500;SUBMISSION;BOT_TAKER;TOMATOES;XIRECS;4976.0;5
503100;BOT_TAKER;SUBMISSION;EMERALDS;XIRECS;10007.0;5
505000;BOT_TAKER;SUBMISSION;TOMATOES;XIRECS;4989.0;3
507200;SUBMISSION;BOT_TAKER;EMERALDS;XIRECS;9993.0;6
507600;BOT_TAKER;SUBMISSION;TOMATOES;XIRECS;4981.0;3
509600;SUBMISSION;BOT_TAKER;EMERALDS;XIRECS;9993.0;6
510000;SUBMISSION;BOT_TAKER;TOMATOES;XIRECS;4972.0;3
510600;SUBMISSION;BOT_TAKER;EMERALDS;XIRECS;9993.0;4
510800;BOT_TAKER;SUBMISSION;TOMATOES;XIRECS;4986.0;3
514200;SUBMISSION;BOT_TAKER;TOMATOES;XIRECS;4973.0;3
514800;BOT_TAKER;SUBMISSION;TOMATOES;XIRECS;4984.0;5
515500;SUBMISSION;BOT;TOMATOES;XIRECS;4976.0;7
516400;BOT_TAKER;SUBMISSION;TOMATOES;XIRECS;4983.0;2
516700;BOT_TAKER;SUBMISSION;EMERALDS;XIRECS;10007.0;7
518200;SUBMISSION;BOT_TAKER;EMERALDS;XIRECS;9993.0;5
519700;SUBMISSION;BOT_TAKER;TOMATOES;XIRECS;4972.0;2
521400;SUBMISSION;BOT_TAKER;TOMATOES;XIRECS;4974.0;3
522700;SUBMISSION;BOT_TAKER;TOMATOES;XIRECS;4974.0;5
523200;SUBMISSION;BOT_TAKER;TOMATOES;XIRECS;4974.0;2
523500;SUBMISSION;BOT_TAKER;TOMATOES;XIRECS;4973.0;4
524600;BOT_TAKER;SUBMISSION;EMERALDS;XIRECS;10007.0;4
525300;SUBMISSION;BOT_TAKER;EMERALDS;XIRECS;9993.0;8
526300;BOT_TAKER;SUBMISSION;TOMATOES;XIRECS;4983.0;4
527000;BOT_TAKER;SUBMISSION;TOMATOES;XIRECS;4984.0;2
527400;SUBMISSION;BOT_TAKER;EMERALDS;XIRECS;9993.0;7
530200;BOT_TAKER;SUBMISSION;TOMATOES;XIRECS;4981.0;2
530700;SUBMISSION;BOT_TAKER;EMERALDS;XIRECS;9993.0;5
530900;BOT;SUBMISSION;EMERALDS;XIRECS;10000.0;8
532400;BOT;SUBMISSION;EMERALDS;XIRECS;10000.0;6
533900;BOT;SUBMISSION;TOMATOES;XIRECS;4976.0;5
536700;SUBMISSION;BOT_TAKER;TOMATOES;XIRECS;4973.0;5
537000;BOT;SUBMISSION;TOMATOES;XIRECS;4980.0;8
541200;SUBMISSION;BOT_TAKER;TOMATOES;XIRECS;4970.0;3
543100;SUBMISSION;BOT_TAKER;TOMATOES;XIRECS;4975.0;2
545100;BOT_TAKER;SUBMISSION;EMERALDS;XIRECS;10007.0;3
547800;BOT_TAKER;SUBMISSION;TOMATOES;XIRECS;4985.0;4
548400;SUBMISSION;BOT_TAKER;EMERALDS;XIRECS;9993.0;6
550700;BOT_TAKER;SUBMISSION;EMERALDS;XIRECS;10007.0;7
552200;SUBMISSION;BOT_TAKER;TOMATOES;XIRECS;4976.0;3
553400;SUBMISSION;BOT_TAKER;EMERALDS;XIRECS;10001.0;4
558000;SUBMISSION;BOT_TAKER;TOMATOES;XIRECS;4969.0;5
559100;BOT_TAKER;SUBMISSION;TOMATOES;XIRECS;4982.0;4
560200;SUBMISSION;BOT_TAKER;TOMATOES;XIRECS;4973.0;2
560500;SUBMISSION;BOT_TAKER;TOMATOES;XIRECS;4974.0;3
560900;SUBMISSION;BOT_TAKER;TOMATOES;XIRECS;4974.0;5
561500;SUBMISSION;BOT_TAKER;TOMATOES;XIRECS;4972.0;3
565300;BOT_TAKER;SUBMISSION;TOMATOES;XIRECS;4984.0;5
565600;BOT_TAKER;SUBMISSION;EMERALDS;XIRECS;10007.0;6
567300;BOT_TAKER;SUBMISSION;TOMATOES;XIRECS;4983.0;4
574000;BOT_TAKER;SUBMISSION;EMERALDS;XIRECS;10007.0;6
574000;SUBMISSION;BOT_TAKER;TOMATOES;XIRECS;4969.0;4
576500;SUBMISSION;BOT_TAKER;EMERALDS;XIRECS;9993.0;3
576600;BOT_TAKER;SUBMISSION;TOMATOES;XIRECS;4980.0;4
577500;BOT_TAKER;SUBMISSION;EMERALDS;XIRECS;10007.0;6
582400;SUBMISSION;BOT_TAKER;TOMATOES;XIRECS;4966.0;4
583100;BOT_TAKER;SUBMISSION;TOMATOES;XIRECS;4979.0;3
586200;BOT_TAKER;SUBMISSION;TOMATOES;XIRECS;4974.0;5
587000;BOT_TAKER;SUBMISSION;TOMATOES;XIRECS;4965.0;2
588600;SUBMISSION;BOT_TAKER;TOMATOES;XIRECS;4961.0;3
588800;SUBMISSION;BOT_TAKER;TOMATOES;XIRECS;4961.0;3
588900;SUBMISSION;BOT_TAKER;TOMATOES;XIRECS;4960.0;3
589300;SUBMISSION;BOT_TAKER;TOMATOES;XIRECS;4959.0;4
589800;SUBMISSION;BOT_TAKER;TOMATOES;XIRECS;4961.0;5
591700;SUBMISSION;BOT_TAKER;EMERALDS;XIRECS;9993.0;5
592000;BOT_TAKER;SUBMISSION;EMERALDS;XIRECS;10007.0;8
592800;SUBMISSION;BOT_TAKER;EMERALDS;XIRECS;9993.0;4
593400;BOT_TAKER;SUBMISSION;TOMATOES;XIRECS;4972.0;5
594500;BOT_TAKER;SUBMISSION;TOMATOES;XIRECS;4971.0;2
594700;BOT_TAKER;SUBMISSION;TOMATOES;XIRECS;4970.0;4
594900;BOT_TAKER;SUBMISSION;TOMATOES;XIRECS;4971.0;2
598200;SUBMISSION;BOT_TAKER;TOMATOES;XIRECS;4957.0;2
599000;BOT_TAKER;SUBMISSION;EMERALDS;XIRECS;10007.0;6
599000;SUBMISSION;BOT_TAKER;TOMATOES;XIRECS;4958.0;5
604400;SUBMISSION;BOT_TAKER;EMERALDS;XIRECS;9993.0;3
604800;BOT_TAKER;SUBMISSION;TOMATOES;XIRECS;4969.0;5
605900;BOT_TAKER;SUBMISSION;TOMATOES;XIRECS;4973.0;2
607800;BOT_TAKER;SUBMISSION;TOMATOES;XIRECS;4970.0;5
612200;SUBMISSION;BOT_TAKER;EMERALDS;XIRECS;9993.0;5
616500;SUBMISSION;BOT_TAKER;TOMATOES;XIRECS;4963.0;5
619200;SUBMISSION;BOT_TAKER;TOMATOES;XIRECS;4966.0;4
623700;SUBMISSION;BOT_TAKER;TOMATOES;XIRECS;4971.0;2
625500;SUBMISSION;BOT_TAKER;TOMATOES;XIRECS;4970.0;5
631200;SUBMISSION;BOT_TAKER;EMERALDS;XIRECS;9993.0;8
633600;BOT_TAKER;SUBMISSION;EMERALDS;XIRECS;10007.0;8
639000;BOT_TAKER;SUBMISSION;TOMATOES;XIRECS;4985.0;5
642000;BOT_TAKER;SUBMISSION;EMERALDS;XIRECS;10007.0;5
642000;SUBMISSION;BOT_TAKER;TOMATOES;XIRECS;4976.0;2
646800;BOT;SUBMISSION;TOMATOES;XIRECS;4980.0;7
651000;BOT_TAKER;SUBMISSION;TOMATOES;XIRECS;4984.0;5
653100;BOT_TAKER;SUBMISSION;TOMATOES;XIRECS;4986.0;3
653200;SUBMISSION;BOT_TAKER;TOMATOES;XIRECS;4975.0;5
656200;SUBMISSION;BOT_TAKER;TOMATOES;XIRECS;4980.0;3
656300;BOT;SUBMISSION;TOMATOES;XIRECS;4987.0;9
659600;BOT_TAKER;SUBMISSION;TOMATOES;XIRECS;4990.0;2
660600;SUBMISSION;BOT_TAKER;TOMATOES;XIRECS;4980.0;5
661100;SUBMISSION;BOT_TAKER;TOMATOES;XIRECS;4980.0;2
661500;SUBMISSION;BOT_TAKER;TOMATOES;XIRECS;4979.0;3
663000;BOT_TAKER;SUBMISSION;EMERALDS;XIRECS;10007.0;6
663500;BOT_TAKER;SUBMISSION;TOMATOES;XIRECS;4984.0;4
663600;SUBMISSION;BOT_TAKER;TOMATOES;XIRECS;4973.0;4
664500;BOT_TAKER;SUBMISSION;TOMATOES;XIRECS;4984.0;2
664900;BOT_TAKER;SUBMISSION;TOMATOES;XIRECS;4984.0;5
667000;SUBMISSION;BOT_TAKER;TOMATOES;XIRECS;4973.0;4
667500;SUBMISSION;BOT_TAKER;TOMATOES;XIRECS;4973.0;4
668200;SUBMISSION;BOT_TAKER;EMERALDS;XIRECS;9993.0;5
668500;SUBMISSION;BOT_TAKER;EMERALDS;XIRECS;9993.0;6
670900;SUBMISSION;BOT_TAKER;EMERALDS;XIRECS;9993.0;4
671300;BOT_TAKER;SUBMISSION;TOMATOES;XIRECS;4990.0;5
673300;SUBMISSION;BOT_TAKER;TOMATOES;XIRECS;4978.0;3
674800;SUBMISSION;BOT_TAKER;TOMATOES;XIRECS;4976.0;2
677200;BOT_TAKER;SUBMISSION;TOMATOES;XIRECS;4986.0;2
678600;BOT;SUBMISSION;TOMATOES;XIRECS;4981.0;7
679500;BOT_TAKER;SUBMISSION;TOMATOES;XIRECS;4987.0;5
679800;SUBMISSION;BOT_TAKER;TOMATOES;XIRECS;4975.0;2
681100;BOT_TAKER;SUBMISSION;TOMATOES;XIRECS;4985.0;4
683700;SUBMISSION;BOT;TOMATOES;XIRECS;4979.0;5
685200;SUBMISSION;BOT_TAKER;TOMATOES;XIRECS;4975.0;4
686600;BOT;SUBMISSION;TOMATOES;XIRECS;4986.0;10
687400;BOT_TAKER;SUBMISSION;EMERALDS;XIRECS;10007.0;5
688600;BOT_TAKER;SUBMISSION;TOMATOES;XIRECS;4987.0;5
690700;SUBMISSION;BOT_TAKER;TOMATOES;XIRECS;4973.0;2
692500;SUBMISSION;BOT_TAKER;TOMATOES;XIRECS;4970.0;5
693100;BOT_TAKER;SUBMISSION;EMERALDS;XIRECS;10007.0;4
694700;SUBMISSION;BOT_TAKER;TOMATOES;XIRECS;4970.0;3
696600;SUBMISSION;BOT_TAKER;TOMATOES;XIRECS;4970.0;4
697100;BOT_TAKER;SUBMISSION;EMERALDS;XIRECS;10007.0;4
698100;BOT_TAKER;SUBMISSION;EMERALDS;XIRECS;10007.0;6
702100;SUBMISSION;BOT_TAKER;EMERALDS;XIRECS;9993.0;4
704400;BOT_TAKER;SUBMISSION;TOMATOES;XIRECS;4974.0;5
708900;SUBMISSION;BOT_TAKER;TOMATOES;XIRECS;4968.0;2
712300;BOT_TAKER;SUBMISSION;TOMATOES;XIRECS;4979.0;4
712400;SUBMISSION;BOT_TAKER;EMERALDS;XIRECS;9993.0;5
712900;SUBMISSION;BOT_TAKER;EMERALDS;XIRECS;9993.0;5
713600;SUBMISSION;BOT_TAKER;TOMATOES;XIRECS;4969.0;3
715100;BOT_TAKER;SUBMISSION;TOMATOES;XIRECS;4983.0;3
715200;SUBMISSION;BOT_TAKER;TOMATOES;XIRECS;4972.0;5
716300;SUBMISSION;BOT_TAKER;EMERALDS;XIRECS;9993.0;4
717400;SUBMISSION;BOT_TAKER;TOMATOES;XIRECS;4972.0;4
717600;BOT_TAKER;SUBMISSION;TOMATOES;XIRECS;4983.0;4
720300;SUBMISSION;BOT_TAKER;EMERALDS;XIRECS;9993.0;6
723200;BOT_TAKER;SUBMISSION;TOMATOES;XIRECS;4980.0;2
723700;BOT_TAKER;SUBMISSION;TOMATOES;XIRECS;4979.0;2
725200;BOT_TAKER;SUBMISSION;EMERALDS;XIRECS;10007.0;4
728200;BOT_TAKER;SUBMISSION;EMERALDS;XIRECS;10007.0;6
729400;SUBMISSION;BOT_TAKER;TOMATOES;XIRECS;4962.0;2
730700;SUBMISSION;BOT_TAKER;TOMATOES;XIRECS;4960.0;2
734500;SUBMISSION;BOT_TAKER;TOMATOES;XIRECS;4963.0;2
735400;SUBMISSION;BOT_TAKER;TOMATOES;XIRECS;4962.0;5
735700;BOT_TAKER;SUBMISSION;EMERALDS;XIRECS;10007.0;4
735800;SUBMISSION;BOT_TAKER;TOMATOES;XIRECS;4963.0;4
736900;BOT_TAKER;SUBMISSION;TOMATOES;XIRECS;4974.0;4
738100;BOT_TAKER;SUBMISSION;TOMATOES;XIRECS;4974.0;4
741600;BOT_TAKER;SUBMISSION;TOMATOES;XIRECS;4971.0;4
745200;SUBMISSION;BOT_TAKER;EMERALDS;XIRECS;9993.0;4
746600;BOT_TAKER;SUBMISSION;EMERALDS;XIRECS;10007.0;8
748300;SUBMISSION;BOT_TAKER;TOMATOES;XIRECS;4958.0;5
748800;SUBMISSION;BOT_TAKER;TOMATOES;XIRECS;4957.0;3
749400;BOT_TAKER;SUBMISSION;TOMATOES;XIRECS;4969.0;4
756600;SUBMISSION;BOT_TAKER;TOMATOES;XIRECS;4960.0;2
756900;SUBMISSION;BOT_TAKER;TOMATOES;XIRECS;4959.0;4
757500;SUBMISSION;BOT_TAKER;EMERALDS;XIRECS;9993.0;8
760400;SUBMISSION;BOT_TAKER;EMERALDS;XIRECS;9993.0;8
763000;SUBMISSION;BOT_TAKER;TOMATOES;XIRECS;4962.0;5
765400;BOT_TAKER;SUBMISSION;EMERALDS;XIRECS;10007.0;3
766700;BOT_TAKER;SUBMISSION;TOMATOES;XIRECS;4972.0;5
769000;SUBMISSION;BOT_TAKER;TOMATOES;XIRECS;4960.0;3
769200;SUBMISSION;BOT_TAKER;EMERALDS;XIRECS;10001.0;6
770600;SUBMISSION;BOT_TAKER;TOMATOES;XIRECS;4963.0;5
771600;SUBMISSION;BOT_TAKER;TOMATOES;XIRECS;4961.0;5
772000;BOT_TAKER;SUBMISSION;TOMATOES;XIRECS;4973.0;2
777400;BOT;SUBMISSION;TOMATOES;XIRECS;4967.0;8
777600;BOT_TAKER;SUBMISSION;TOMATOES;XIRECS;4973.0;4
778400;SUBMISSION;BOT_TAKER;TOMATOES;XIRECS;4961.0;4
780300;BOT_TAKER;SUBMISSION;TOMATOES;XIRECS;4974.0;2
782600;SUBMISSION;BOT_TAKER;TOMATOES;XIRECS;4962.0;2
783800;SUBMISSION;BOT_TAKER;TOMATOES;XIRECS;4963.0;2
785100;SUBMISSION;BOT_TAKER;TOMATOES;XIRECS;4963.0;2
786600;BOT_TAKER;SUBMISSION;EMERALDS;XIRECS;10007.0;5
786900;BOT_TAKER;SUBMISSION;EMERALDS;XIRECS;9999.0;5
787600;BOT_TAKER;SUBMISSION;TOMATOES;XIRECS;4971.0;2
788100;SUBMISSION;BOT_TAKER;EMERALDS;XIRECS;9993.0;4
788500;BOT_TAKER;SUBMISSION;TOMATOES;XIRECS;4970.0;3
789100;BOT_TAKER;SUBMISSION;EMERALDS;XIRECS;10007.0;3
792800;SUBMISSION;BOT_TAKER;EMERALDS;XIRECS;9993.0;3
793600;SUBMISSION;BOT_TAKER;EMERALDS;XIRECS;9993.0;5
795500;BOT;SUBMISSION;TOMATOES;XIRECS;4971.0;10
795500;SUBMISSION;BOT_TAKER;TOMATOES;XIRECS;4972.0;2
799900;SUBMISSION;BOT_TAKER;EMERALDS;XIRECS;9993.0;7
801700;SUBMISSION;BOT_TAKER;TOMATOES;XIRECS;4959.0;4
802800;BOT;SUBMISSION;TOMATOES;XIRECS;4969.0;8
802800;BOT_TAKER;SUBMISSION;EMERALDS;XIRECS;10007.0;6
804300;BOT_TAKER;SUBMISSION;TOMATOES;XIRECS;4975.0;5
810000;SUBMISSION;BOT_TAKER;TOMATOES;XIRECS;4960.0;2
810900;SUBMISSION;BOT_TAKER;TOMATOES;XIRECS;4961.0;2
811500;BOT_TAKER;SUBMISSION;TOMATOES;XIRECS;4971.0;5
811900;SUBMISSION;BOT_TAKER;TOMATOES;XIRECS;4960.0;5
813400;SUBMISSION;BOT_TAKER;TOMATOES;XIRECS;4957.0;5
815600;SUBMISSION;BOT_TAKER;EMERALDS;XIRECS;9993.0;3
819600;BOT_TAKER;SUBMISSION;TOMATOES;XIRECS;4966.0;3
821300;BOT_TAKER;SUBMISSION;TOMATOES;XIRECS;4960.0;4
821900;BOT;SUBMISSION;TOMATOES;XIRECS;4965.0;7
825400;BOT_TAKER;SUBMISSION;EMERALDS;XIRECS;10007.0;8
826700;SUBMISSION;BOT_TAKER;TOMATOES;XIRECS;4959.0;2
829000;BOT_TAKER;SUBMISSION;EMERALDS;XIRECS;10007.0;3
829900;SUBMISSION;BOT_TAKER;TOMATOES;XIRECS;4959.0;5
833000;SUBMISSION;BOT_TAKER;TOMATOES;XIRECS;4958.0;3
834000;SUBMISSION;BOT_TAKER;TOMATOES;XIRECS;4958.0;5
834400;SUBMISSION;BOT_TAKER;TOMATOES;XIRECS;4958.0;2
836300;BOT_TAKER;SUBMISSION;TOMATOES;XIRECS;4969.0;4
836400;BOT_TAKER;SUBMISSION;TOMATOES;XIRECS;4969.0;3
838300;SUBMISSION;BOT_TAKER;EMERALDS;XIRECS;9993.0;8
841000;SUBMISSION;BOT;TOMATOES;XIRECS;4957.0;6
841400;SUBMISSION;BOT_TAKER;TOMATOES;XIRECS;4954.0;4
845000;SUBMISSION;BOT_TAKER;EMERALDS;XIRECS;9993.0;5
847700;SUBMISSION;BOT_TAKER;TOMATOES;XIRECS;4955.0;5
847900;SUBMISSION;BOT;TOMATOES;XIRECS;4958.0;10
850600;BOT_TAKER;SUBMISSION;TOMATOES;XIRECS;4966.0;5
851600;SUBMISSION;BOT_TAKER;EMERALDS;XIRECS;9993.0;4
851700;BOT_TAKER;SUBMISSION;TOMATOES;XIRECS;4967.0;4
852600;BOT_TAKER;SUBMISSION;TOMATOES;XIRECS;4966.0;5
853200;BOT_TAKER;SUBMISSION;TOMATOES;XIRECS;4967.0;5
853600;SUBMISSION;BOT_TAKER;TOMATOES;XIRECS;4956.0;2
854500;SUBMISSION;BOT_TAKER;TOMATOES;XIRECS;4957.0;4
856000;BOT;SUBMISSION;TOMATOES;XIRECS;4962.0;6
856600;BOT_TAKER;SUBMISSION;EMERALDS;XIRECS;10007.0;7
857900;SUBMISSION;BOT_TAKER;TOMATOES;XIRECS;4958.0;3
858900;SUBMISSION;BOT_TAKER;EMERALDS;XIRECS;9993.0;7
859300;BOT_TAKER;SUBMISSION;EMERALDS;XIRECS;10007.0;4
859500;BOT;SUBMISSION;TOMATOES;XIRECS;4964.0;6
861000;BOT_TAKER;SUBMISSION;EMERALDS;XIRECS;10007.0;7
861100;BOT_TAKER;SUBMISSION;TOMATOES;XIRECS;4966.0;5
865700;BOT_TAKER;SUBMISSION;EMERALDS;XIRECS;10007.0;7
866300;BOT_TAKER;SUBMISSION;TOMATOES;XIRECS;4967.0;3
866900;BOT_TAKER;SUBMISSION;EMERALDS;XIRECS;10007.0;7
867300;BOT_TAKER;SUBMISSION;TOMATOES;XIRECS;4966.0;2
869600;SUBMISSION;BOT_TAKER;TOMATOES;XIRECS;4951.0;2
872500;SUBMISSION;BOT;TOMATOES;XIRECS;4958.0;10
877300;BOT_TAKER;SUBMISSION;TOMATOES;XIRECS;4962.0;5
877600;SUBMISSION;BOT_TAKER;TOMATOES;XIRECS;4951.0;3
878700;SUBMISSION;BOT_TAKER;EMERALDS;XIRECS;9993.0;6
882700;SUBMISSION;BOT_TAKER;TOMATOES;XIRECS;4959.0;3
886100;BOT_TAKER;SUBMISSION;EMERALDS;XIRECS;10007.0;7
887100;SUBMISSION;BOT_TAKER;EMERALDS;XIRECS;9993.0;4
887800;BOT_TAKER;SUBMISSION;TOMATOES;XIRECS;4964.0;2
888300;SUBMISSION;BOT_TAKER;TOMATOES;XIRECS;4960.0;2
892400;SUBMISSION;BOT_TAKER;EMERALDS;XIRECS;9993.0;5
893500;SUBMISSION;BOT_TAKER;TOMATOES;XIRECS;4959.0;3
894000;SUBMISSION;BOT_TAKER;TOMATOES;XIRECS;4959.0;3
895800;BOT_TAKER;SUBMISSION;TOMATOES;XIRECS;4965.0;5
896500;BOT_TAKER;SUBMISSION;TOMATOES;XIRECS;4970.0;4
898800;SUBMISSION;BOT_TAKER;TOMATOES;XIRECS;4957.0;2
899800;SUBMISSION;BOT_TAKER;EMERALDS;XIRECS;9993.0;4
901000;BOT_TAKER;SUBMISSION;TOMATOES;XIRECS;4968.0;5
903600;SUBMISSION;BOT_TAKER;TOMATOES;XIRECS;4959.0;5
905000;SUBMISSION;BOT_TAKER;TOMATOES;XIRECS;4959.0;4
906500;BOT_TAKER;SUBMISSION;TOMATOES;XIRECS;4971.0;4
911500;BOT_TAKER;SUBMISSION;EMERALDS;XIRECS;10007.0;3
911600;SUBMISSION;BOT_TAKER;TOMATOES;XIRECS;4965.0;2
912200;BOT_TAKER;SUBMISSION;TOMATOES;XIRECS;4977.0;4
913700;SUBMISSION;BOT_TAKER;TOMATOES;XIRECS;4964.0;4
914400;BOT_TAKER;SUBMISSION;TOMATOES;XIRECS;4974.0;3
915100;SUBMISSION;BOT_TAKER;TOMATOES;XIRECS;4962.0;4
916100;SUBMISSION;BOT_TAKER;TOMATOES;XIRECS;4961.0;5
917000;BOT_TAKER;SUBMISSION;TOMATOES;XIRECS;4974.0;3
917900;SUBMISSION;BOT_TAKER;TOMATOES;XIRECS;4961.0;2
920600;SUBMISSION;BOT_TAKER;TOMATOES;XIRECS;4961.0;4
921700;BOT_TAKER;SUBMISSION;TOMATOES;XIRECS;4974.0;5
924900;BOT_TAKER;SUBMISSION;EMERALDS;XIRECS;10007.0;4
926000;SUBMISSION;BOT_TAKER;TOMATOES;XIRECS;4964.0;4
927100;BOT_TAKER;SUBMISSION;EMERALDS;XIRECS;10007.0;5
927700;SUBMISSION;BOT_TAKER;EMERALDS;XIRECS;9993.0;4
928000;BOT_TAKER;SUBMISSION;TOMATOES;XIRECS;4973.0;4
929200;SUBMISSION;BOT_TAKER;TOMATOES;XIRECS;4963.0;3
930900;BOT_TAKER;SUBMISSION;TOMATOES;XIRECS;4973.0;4
934500;BOT_TAKER;SUBMISSION;EMERALDS;XIRECS;10007.0;5
935600;BOT_TAKER;SUBMISSION;TOMATOES;XIRECS;4973.0;4
937600;SUBMISSION;BOT_TAKER;TOMATOES;XIRECS;4963.0;2
940900;SUBMISSION;BOT_TAKER;TOMATOES;XIRECS;4963.0;3
942700;SUBMISSION;BOT_TAKER;EMERALDS;XIRECS;9993.0;3
942900;BOT;SUBMISSION;TOMATOES;XIRECS;4969.0;8
943000;BOT_TAKER;SUBMISSION;EMERALDS;XIRECS;10007.0;8
943800;SUBMISSION;BOT_TAKER;TOMATOES;XIRECS;4962.0;2
947700;SUBMISSION;BOT_TAKER;EMERALDS;XIRECS;9993.0;4
947900;BOT_TAKER;SUBMISSION;TOMATOES;XIRECS;4975.0;5
952300;SUBMISSION;BOT;TOMATOES;XIRECS;4968.0;9
953700;SUBMISSION;BOT;TOMATOES;XIRECS;4964.0;9
955800;SUBMISSION;BOT_TAKER;EMERALDS;XIRECS;9993.0;5
957700;SUBMISSION;BOT_TAKER;TOMATOES;XIRECS;4968.0;2
960600;SUBMISSION;BOT_TAKER;TOMATOES;XIRECS;4960.0;3
962100;BOT_TAKER;SUBMISSION;EMERALDS;XIRECS;9999.0;6
965500;BOT;SUBMISSION;TOMATOES;XIRECS;4966.0;5
965600;BOT_TAKER;SUBMISSION;EMERALDS;XIRECS;10007.0;6
967600;BOT;SUBMISSION;TOMATOES;XIRECS;4967.0;6
969500;BOT_TAKER;SUBMISSION;EMERALDS;XIRECS;10007.0;4
974100;SUBMISSION;BOT_TAKER;TOMATOES;XIRECS;4958.0;2
974600;SUBMISSION;BOT_TAKER;EMERALDS;XIRECS;9993.0;8
974700;BOT_TAKER;SUBMISSION;TOMATOES;XIRECS;4971.0;2
974800;SUBMISSION;BOT_TAKER;TOMATOES;XIRECS;4960.0;4
975600;SUBMISSION;BOT_TAKER;TOMATOES;XIRECS;4959.0;2
975800;SUBMISSION;BOT_TAKER;EMERALDS;XIRECS;9993.0;5
976000;SUBMISSION;BOT_TAKER;EMERALDS;XIRECS;9993.0;5
977900;BOT_TAKER;SUBMISSION;EMERALDS;XIRECS;10007.0;6
978700;BOT;SUBMISSION;TOMATOES;XIRECS;4965.0;10
979000;SUBMISSION;BOT_TAKER;TOMATOES;XIRECS;4959.0;2
979100;BOT_TAKER;SUBMISSION;TOMATOES;XIRECS;4970.0;3
979400;SUBMISSION;BOT_TAKER;TOMATOES;XIRECS;4959.0;2
981300;BOT_TAKER;SUBMISSION;EMERALDS;XIRECS;10007.0;3
982000;SUBMISSION;BOT_TAKER;EMERALDS;XIRECS;9993.0;7
987400;BOT_TAKER;SUBMISSION;EMERALDS;XIRECS;10007.0;5
988600;SUBMISSION;BOT_TAKER;EMERALDS;XIRECS;9993.0;5
989000;BOT_TAKER;SUBMISSION;TOMATOES;XIRECS;4978.0;4
989100;SUBMISSION;BOT_TAKER;EMERALDS;XIRECS;9993.0;5
989900;BOT_TAKER;SUBMISSION;TOMATOES;XIRECS;4978.0;5
996600;SUBMISSION;BOT_TAKER;TOMATOES;XIRECS;4961.0;3
999000;BOT;SUBMISSION;TOMATOES;XIRECS;4969.0;8
